,Quarter,GDP,EUR/CHF,100xSEK/CHF,USD/CHF,CAD/CHF,100xBRL/USD,100xJPY/CHF,AUD/CHF,100xCNY/CHF,Z체rich Unemp,Berne Unemp,Lucerne Unemp,Uri Unemp,Schwyz Unemp,Obwald Unemp,Nidwald Unemp,Glaris Unemp,Zoug Unemp,Fribourg Unemp,Soleure Unemp,B창le-City Unemp,B창le-Rural Unemp,Schaffhouse Unemp,Appenzell Ausserrhoden Unemp,Appenzell Innerrhoden Unemp,St-Gall Unemp,Grisons Unemp,Argovie Unemp,Thurgovie Unemp,Tessin Unemp,Vaud Unemp,Valais Unemp,Neuch창tel Unemp,Geneva Unemp,Jura Unemp,5-9 Emp,10-12 Emp,13-15 Emp,16-18 Emp,19-20 Emp,21 Emp,22-23 Emp,24-25 Emp,26 Emp,27 Emp,28 Emp,29-30 Emp,31-33 Emp,35 Emp,36-39 Emp,41-42 Emp,43 Emp,45 Emp,46 Emp,47 Emp,49 Emp,50-51 Emp,52 Emp,53 Emp,55 Emp,56 Emp,58-60 Emp,61 Emp,62-63 Emp,64 Emp,65 Emp,66 Emp,68 Emp,69 Emp,70 Emp,71 Emp,72 Emp,73-75 Emp,78 Emp,77+79-82 Emp,84 Emp,85 Emp,86 Emp,87 Emp,88 Emp,90-93 Emp,94-96 Emp,10-33 Vac,41-43 Vac,45-47 Vac,49-53 Vac,55-56 Vac,58-63 Vac,64-66 Vac,68-75 Vac,77+79-82 Vac,84 Vac,85 Vac,86-88 Vac,90-96 Vac,Food and non-alcoholic beverages,Alcoholic beverages and tobacco,Clothing and footwear,Housing and energy,"Furnishings, household equipment and routine household maintenance",Healthcare,Transport,Communication,Recreation and culture,Education,Restaurants and hotels,Miscellaneous goods and services,Total index
0,2000Q1,115854.378747042,1.6070666666666664,18.894000000000002,1.6261999999999999,1.1187333333333334,91.70826666666666,1.51997,1.0266666666666666,19.67472,2.1,1.7,1.57,0.77,0.93,0.4,0.47,1.4,1.37,1.97,2.07,2.37,1.57,2.13,0.9,0.47,1.73,1.17,1.63,1.53,4.17,3.5,3.17,3.03,4.47,2.43,4259.2,68397.2,24533.7,79914.5,34008,22859.9,43202.5,98616.2,74917.3,31543.8,90666.1,12294.6,50333.7,22375.2,12980.1,99127.3,170458.2,72136.4,177039.1,252977.7,83288.8,12766.3,45757.3,48285.2,77679.5,133504.1,27820.8,28175.3,52736.2,109052.9,50009.5,20219.6,20694.7,51992.3,40336.2,71510,11638.9,43601.9,48558.3,88913.1,121987,156142.8,184942.2,82359.6,40882.3,34907.4,82312.4,...,...,...,...,...,...,...,...,...,...,...,...,...,94.33,73.92,101.83,77.09,107.8,102.81,96.6,160.64,115.89,76.36,81.5,91.03,92.8
1,2000Q2,116763.905973396,1.5633666666666668,18.887133333333335,1.6729333333333332,1.1304333333333334,92.86326666666666,1.5703633333333331,0.9860966666666666,20.22705,1.8,1.3,1.3,0.4,0.7,0.4,0.4,0.87,1.1,1.43,1.6,2.17,1.37,1.6,0.73,0.27,1.4,1.03,1.33,1.13,2.6,2.9,1.83,2.17,4.1,1.73,4330.1,70291.7,24128.7,79899.7,33866.7,22996.5,43699.2,99140.4,76737.1,32519.6,90059.2,12356,50629.6,22240.9,13041.5,101426.7,174520,72334.2,177947,251512,81897.3,12792.5,45947.7,48328.4,80459.1,139102.6,28068.6,28240.2,54179.5,109915.9,49746.5,20902.9,20764.3,52084.4,42037.4,71600.9,11965.6,44095,61375.1,90063.5,123893.1,155473.1,187257,84044.6,40832.1,35575.1,82492.7,...,...,...,...,...,...,...,...,...,...,...,...,...,95.33,74.35,102.09,77.53,108.0,102.78,98.48,145.01,114.43,76.46,81.6,91.25,93.06
2,2000Q3,118634.66972945,1.5439999999999998,18.363133333333334,1.7064666666666668,1.1516333333333335,93.94986666666667,1.5864333333333331,0.97965,20.625466666666668,1.63,1.13,1.2,0.4,0.57,0.3,0.43,0.73,1.0,1.37,1.4,1.9,1.23,1.43,0.67,0.23,1.23,0.83,1.23,1.0,2.47,2.67,1.47,2.07,3.97,1.63,4383.4,70221.7,24317.1,81007.9,34250.6,23487.7,43993.9,100054.6,79371.3,33462.9,91615.9,12080.3,50928.7,22225.3,13003.4,103599.8,178106.1,72169.6,178433.2,252776,83717.6,12895,45876.7,48384.3,77717.1,135296.9,28267.1,27607.3,57136.1,112429.1,49170.6,21910,21165.9,51997.9,43597.8,71341.6,12194.6,44472.8,65600.9,90873.2,125005.2,156186.8,189154.3,85598.2,40704.7,35526.8,82753.8,...,...,...,...,...,...,...,...,...,...,...,...,...,95.04,75.13,101.39,78.5,108.03,102.81,99.41,145.11,113.52,76.66,81.61,91.25,93.34
3,2000Q4,120415.701975453,1.5160333333333333,17.61146666666667,1.7442,1.1430333333333333,90.43149999999999,1.5892766666666667,0.9281499999999999,21.076136666666667,1.63,1.2,1.23,0.57,0.6,0.4,0.43,0.73,0.97,1.33,1.33,1.97,1.23,1.67,0.9,0.27,1.23,1.1,1.2,1.13,3.07,2.63,2.2,1.93,3.87,1.6,4298.4,70401.2,23686.4,80749.2,34645,24012.6,43163.9,100910.1,78653.2,34219.2,90795.4,11833.8,50680.2,22156.3,12955.4,99154.8,170137.5,72265.3,177428.8,254615.9,86793.4,12607.2,45764.4,48099.2,76947.2,133429,28439.2,28111,57125.1,114544.9,48950.1,23235.4,21351.8,52314.3,45567.8,71831.3,12250.8,44843.7,54299.8,90970.1,126801.5,157151.7,189237.6,86287.3,40106.3,35845.3,81891.5,...,...,...,...,...,...,...,...,...,...,...,...,...,94.56,75.21,101.62,79.86,107.89,102.86,99.38,143.99,113.52,77.1,81.78,91.4,93.74
4,2001Q1,120724.817552507,1.5334333333333332,17.031166666666667,1.6609999999999998,1.0876333333333332,82.39466666666667,1.4061833333333336,0.88149,20.087036666666666,1.67,1.27,1.23,0.5,0.63,0.47,0.5,0.77,1.17,1.4,1.47,2.17,1.3,1.83,0.9,0.3,1.33,1.1,1.27,1.17,3.1,2.8,2.5,2.07,3.9,1.73,4246.9,67955.3,23544.6,80505.4,35635.4,24929.6,43200.7,101743.2,80013.2,34896.1,91177.5,11130,49851.1,21916.6,13046.3,99967,171788.7,72539.8,180070.6,253610.2,87906.8,11798.3,45855.3,47452.9,78399,137759.7,28498.9,27487.5,60459.7,113916.8,47924.6,25221.8,22000,52825.4,47646.1,72269.1,12484.7,45821.2,48490.8,91736.5,130560.1,158781.6,190657.4,87742.5,39950.3,37189.2,81115.9,...,...,...,...,...,...,...,...,...,...,...,...,...,95.34,75.4,98.41,79.51,108.28,103.24,97.96,144.21,113.93,77.2,83.1,92.38,93.74
5,2001Q2,121103.757574588,1.5283,16.744966666666667,1.7488666666666666,1.1344666666666667,76.48356666666666,1.42627,0.8972533333333333,21.14568,1.53,1.1,1.1,0.23,0.5,0.43,0.47,0.6,1.2,1.2,1.37,2.07,1.27,1.47,0.77,0.23,1.2,1.0,1.1,1.03,2.1,2.53,1.77,1.9,3.8,1.7,4396.5,68624.9,22900.5,80639.9,35900.6,25374.1,42857,101905.1,81272.8,36124.5,90454.9,11338.2,50529.6,21283.7,13359.1,104527.9,179582.7,71811.9,181004.7,253649.6,86780.6,13797.5,45180.7,46787.4,77553.4,136272.4,28311.9,26531.3,61261.4,115819.3,48291.1,28539,22365.4,54006.6,50456.8,73757.6,12539.4,47160.8,56220.4,94312.2,124243.5,160865.7,187139,86748.9,38626,36174.4,81428.7,...,...,...,...,...,...,...,...,...,...,...,...,...,96.85,76.08,99.01,80.09,108.76,103.48,99.84,143.1,114.38,77.27,83.55,92.91,94.46
6,2001Q3,121368.437553016,1.5065666666666668,16.00836666666667,1.6929,1.0966333333333333,66.74486666666667,1.3919500000000002,0.8692166666666666,20.432056666666668,1.53,1.0,1.1,0.23,0.5,0.47,0.6,0.63,1.37,1.23,1.37,2.07,1.33,1.33,0.8,0.23,1.2,0.83,1.1,1.03,2.27,2.5,1.5,1.97,3.87,2.03,4445.6,69471.7,22800.8,81260.3,36433.8,26000.7,42715.5,102693,82754.6,36517,90859,11120.9,50502.1,21633.8,13313.1,105733.5,181732.7,72906.3,180493.1,254832.6,87820.2,14073.4,45475.2,47132.3,77690,137137.6,28431.8,26184,61302.1,117361.5,48831.8,31266.4,22566.5,53710.6,52035,73311.5,12642.7,47239.2,57188.2,94982.5,125800.9,162736.4,187880,87767.9,38242.3,36329.8,81776,...,...,...,...,...,...,...,...,...,...,...,...,...,97.42,76.1,93.31,80.36,108.69,103.53,98.92,142.71,114.48,77.47,83.64,93.22,94.29
7,2001Q4,120766.235453702,1.4734666666666667,15.546166666666666,1.6445333333333334,1.0408000000000002,64.59393333333334,1.3311133333333334,0.8418966666666666,19.903973333333337,2.1,1.3,1.5,0.63,0.73,0.77,0.77,0.9,1.83,1.53,1.63,2.33,1.53,1.67,1.0,0.37,1.5,1.17,1.4,1.47,3.07,2.8,2.43,2.57,4.33,2.53,4362.8,68788,22760.6,80272.4,36175.3,26199.3,41996.8,101135.6,81918.8,36510.3,90273.4,11633.9,50114.4,21567.2,13231.1,99389.4,171415.5,73265.9,177470.7,254469.5,90179.4,12079.7,45208.4,46835.5,76882.1,136932,28361.4,26639.8,59710.2,117220.7,49015.3,31210.3,22675.3,53932.9,52544.2,73813.5,12838.1,46878.7,46977,94546.1,125834.5,164530.1,188848.4,88516.3,38663.3,36812.3,81739.9,...,...,...,...,...,...,...,...,...,...,...,...,...,97.54,76.42,95.17,80.04,108.66,103.29,97.11,142.52,114.65,77.91,83.58,93.43,94.13
8,2002Q1,120546.912427477,1.4730666666666667,16.080133333333333,1.6804333333333332,1.0539333333333332,70.51936666666667,1.2689033333333335,0.8703833333333333,20.304753333333334,2.67,1.63,1.8,0.63,1.07,0.87,0.87,1.4,2.33,1.77,2.1,2.73,1.8,2.33,1.37,0.63,1.9,1.23,1.8,1.87,3.57,3.17,2.87,3.27,4.73,3.43,4259.1,70304.1,22475.5,79616,35744.7,26241.9,41357.4,98403.9,80815.2,35088.6,88548.3,10389.5,48740.9,21928,13350.8,99547.5,172346.9,72668,179735.2,252250.8,87106.2,12303.2,43855.7,45611.1,76827.6,137933.4,28160.1,26299,59535.7,118264.8,48043.3,32603.7,22822.1,54662,53528.1,74912.3,13545.2,46862.6,42712.1,94665.4,128167,166575.6,188532.7,88668.6,38817.7,35958.6,81318.3,...,...,...,...,...,...,...,...,...,...,...,...,...,99.26,76.89,88.2,79.84,108.69,103.64,96.48,142.33,114.64,78.07,85.74,94.95,94.27
9,2002Q2,120449.58647586,1.4647666666666666,15.994333333333332,1.5944333333333331,1.0253666666666668,64.1493,1.25664,0.8787366666666666,19.252396666666666,2.77,1.47,1.73,0.57,1.0,0.73,0.83,1.13,2.3,1.5,2.17,2.87,1.73,2.17,1.53,0.83,1.9,1.37,1.93,1.8,2.93,3.03,2.13,2.9,4.87,3.37,4340.7,70277.7,21478.2,78560.2,36045.3,26887.8,40706,98364.4,81047.2,34476.3,87944.4,10973.2,48920.1,21172.5,13302.4,102982.2,179301.6,72334.6,178239.9,248717.5,87323.6,12933.2,43946.3,44796.9,76050.5,137585.4,27861.4,26165.8,59633,119773.9,47753.6,31762.1,23004.7,54385.8,53572.3,74706.9,14203.4,46349.9,51154.9,95843,128108.4,166864.4,189249.8,89300.3,39140.2,36232.3,83760.1,...,...,...,...,...,...,...,...,...,...,...,...,...,99.3,77.29,99.53,80.08,108.8,103.89,98.41,142.41,114.42,78.19,85.98,95.53,95.11
10,2002Q3,120823.861637361,1.4638666666666669,15.858633333333332,1.4885000000000002,0.9531666666666667,48.0111,1.2478566666666666,0.81469,17.976816666666668,2.97,1.63,1.9,0.63,1.2,0.9,1.13,1.67,2.7,1.67,2.3,2.97,1.83,2.2,1.6,0.8,2.1,1.2,2.07,1.9,3.23,3.2,2.1,3.07,5.07,3.57,4316.7,71224.8,21023.9,78021.4,36238.5,27420.5,41194.3,97974.6,80703.2,34444.6,88155.9,10967.4,48530.4,21551.1,13398.8,104312.7,182475.7,74182.2,181123,250510.6,88142.1,13229.9,45095.4,44296.9,75286.4,136934.3,27486.5,25737.6,61198,121062,47763.6,31858.1,23318.8,54833.6,54379.4,75652.7,14275.8,46004.4,53452.5,96308.8,131004,167767.6,191019.1,90463.3,39706.4,35576.2,84776.5,...,...,...,...,...,...,...,...,...,...,...,...,...,98.95,77.37,87.77,80.14,108.92,103.88,98.94,142.31,114.07,78.5,85.67,95.69,94.58
11,2002Q4,120715.686393753,1.4667333333333332,16.122233333333334,1.4663333333333333,0.9342,39.8936,1.1971366666666665,0.8185266666666666,17.699906666666667,3.57,2.27,2.57,1.03,1.63,1.27,1.57,1.97,3.3,2.17,2.7,3.4,2.3,2.7,1.8,1.0,2.5,1.67,2.67,2.33,4.1,3.8,3.23,3.77,5.6,3.97,4242.7,68860.4,20288.4,76551.7,35740.9,27412.1,40135.9,96570.9,79890,33810.5,88041.6,11100.7,47915.7,21610.8,13159.7,99895.6,175377.3,74571.2,178241.4,253003.2,89022.8,13316.4,44558.4,43296.5,73297.5,133938,27200.5,24785.3,60643.2,118154.3,47536.1,32634.4,22668.3,52969.8,52845.4,73384.8,14444,44321,44561.5,94996.9,130921.3,168511.1,191169,90859.2,39969.8,35755.9,82600.9,...,...,...,...,...,...,...,...,...,...,...,...,...,98.58,77.39,101.27,80.22,108.79,103.79,98.4,142.27,113.99,79.26,85.73,95.61,95.08
12,2003Q1,120699.722308383,1.4661666666666668,15.962666666666669,1.3655666666666668,0.9047666666666666,39.07293333333333,1.1483133333333335,0.8105366666666667,16.501256666666666,4.23,2.8,2.97,1.2,2.13,1.43,1.8,2.4,3.67,2.77,3.17,3.9,2.7,3.07,2.17,1.4,2.9,1.73,3.2,2.87,4.53,4.4,3.87,4.5,6.17,4.6,4197.7,68258.9,20064.4,75331.4,35349.8,27476.5,39829.5,95372.9,77469.6,33156,86512.3,10774.8,46965.8,22666.7,13216.1,98703,173874.8,72915.6,177740.7,249277.3,88864.2,12998.6,44576.2,42058,73300.2,134796.9,27349.6,24354,59660.7,117047.3,46159.6,31215.6,22602.8,53407.8,53608,74174.8,14951.8,44144.8,40862,96188.1,131188.6,171467.8,190976.8,91059.6,40166.8,36313.6,81498.8,...,...,...,...,...,...,...,...,...,...,...,...,...,99.62,77.17,89.25,80.67,108.86,104.49,99.62,142.46,114.56,79.52,87.3,96.56,95.25
13,2003Q2,121036.500155456,1.5167000000000002,16.584999999999997,1.3353000000000002,0.9550333333333333,44.626666666666665,1.1272499999999999,0.8544633333333334,16.135203333333333,4.43,2.73,3.0,0.93,2.03,1.37,1.83,2.2,3.6,2.6,3.13,4.3,2.87,2.83,2.0,1.33,2.9,2.03,3.2,2.77,3.87,4.5,3.13,4.23,6.43,4.7,4234.5,69001.1,19996.2,75120,35119.3,27684.8,40480.9,95410.2,77967.2,33154.8,86474.4,10767,46824.3,22372.3,13219.3,102325.4,181390.6,73087.1,177398,250298.1,86564.6,13093,44051,41352.1,71849.2,132028.6,27154.5,24219,58824.3,115126.1,46739.3,30634.4,22755.6,53165.4,53642.9,74095.3,14398.7,43454.4,49557.3,96254.6,131715.3,171231.9,191821.1,91808,40581.5,35750.1,81666.1,5054,5238,7105,1102,3958,978,1507,3436,1422,786,945,3678,1250,100.46,78.21,100.48,80.13,109.44,104.75,98.28,142.29,114.44,79.57,86.95,96.92,95.63
14,2003Q3,122176.260105002,1.5447999999999997,16.84573333333333,1.3735,0.9946666666666667,46.77806666666667,1.16956,0.9037866666666666,16.57299666666667,4.6,2.73,3.13,0.83,2.03,1.57,1.9,2.27,3.53,2.67,3.3,4.27,2.97,3.03,2.2,1.2,3.0,1.8,3.3,2.93,3.9,4.63,2.87,4.33,6.53,5.0,4277.7,69507.6,19490.8,75132.3,34643.4,27688,40715.6,95951.3,77205.9,33075.7,83695.1,10943.6,46279,22000.2,13110.7,102782.3,183084.7,73562.4,175070.3,252968.2,86604.2,13138.6,43885.6,42477.6,71058.8,131097.1,27215.5,24743.1,56169.5,115102.1,47283.8,30695.7,23023.9,52975.8,53702.7,73952,14455.7,43059.8,52527.8,97380.6,133455,173112.2,194712.9,93556.8,41475.7,36211.5,82750.2,4022,3930,5670,896,3487,770,1971,2403,967,457,828,2701,938,100.37,78.53,87.03,80.37,109.66,104.82,98.07,140.75,114.1,80.03,86.69,96.96,95.0
15,2003Q4,123803.590803982,1.5538999999999998,17.24393333333333,1.3068666666666668,0.9918999999999999,45.0548,1.2001833333333332,0.9352499999999999,15.780283333333331,4.8,3.07,3.37,1.3,2.23,1.9,2.1,2.57,3.63,3.0,3.77,4.6,3.27,3.53,2.17,1.67,3.17,2.27,3.53,3.13,4.73,5.0,3.9,4.7,6.8,5.0,4235.2,69271.6,19335.8,74414.5,34699.2,28120.1,39841.6,94430.4,76841.8,33801,82315,10942.1,46001.3,22004.1,13094,99763.1,178317.7,73912.6,175042.4,252930.7,89379.7,10852.2,43849.9,42073.1,70334.8,130737.7,27267.8,24412.4,55747.6,112983.3,45791.8,31959.8,23626.6,53663.2,54703.7,75126.6,14540.3,43046.5,44672.3,98266.8,134358.6,173370.3,194792.2,93906.1,41692.7,36717.4,82124,4507,3632,5725,1125,2646,800,1715,2615,1108,561,1144,2187,1138,100.68,78.55,98.9,80.48,109.68,104.74,97.66,141.59,113.94,80.93,86.71,96.99,95.58
16,2004Q1,124314.721210403,1.5686,17.072699999999998,1.254,0.9510333333333333,43.282900000000005,1.17024,0.9603700000000001,15.151726666666667,4.97,3.3,3.4,1.4,2.4,2.0,2.1,2.73,3.67,3.2,3.9,4.9,3.5,3.77,2.4,1.97,3.3,2.17,3.77,3.37,4.93,5.5,4.37,4.9,6.97,5.17,4190.7,68227.8,19139.1,73657.9,34083.5,27990.2,40110.4,93425.5,76416.7,33035.5,81624,10871.5,45876,22272.9,13145,98106.6,175772.8,74308.1,177443.8,251444.7,89104.5,12062.1,44721.5,41741.4,71024.4,131977,27158.4,24742.3,55804.4,112379.1,46246,32110.3,23537.4,53600.3,54996.2,75389.3,14582,42434.8,41924.4,99340.5,134760.3,170706.7,193393.9,93524.2,41629.7,37145.2,83364.3,6800,4070,8260,1447,3334,1571,3041,3888,1709,883,1081,2458,1303,101.03,79.47,84.81,80.61,109.69,105.25,98.44,142.04,113.98,80.96,87.56,97.83,95.31
17,2004Q2,125716.517805027,1.5380666666666667,16.8053,1.2767666666666666,0.9390999999999999,41.97456666666667,1.1644866666666667,0.91249,15.417596666666668,4.5,2.8,3.07,1.0,2.17,1.57,1.8,2.23,3.4,2.73,3.43,4.47,3.27,3.53,2.17,1.63,3.07,2.17,3.33,3.03,4.07,5.3,3.43,4.33,6.9,4.4,4367.3,68424.3,18733.5,73245.6,34187.6,28466,40575,93257.2,77654.7,33187.2,81394,11048.6,45855.2,22655.8,13142.1,99305.4,178427.8,73793.4,177982.8,248899.8,86444.5,11695.9,45440.5,40919.6,70863.2,131957.9,26955.6,24261.8,56164.3,112072.6,46165,31752.6,23431.4,53753,55362.6,75609.3,14602.1,42225.5,52083.3,100466.2,134381.2,173668,195326.1,94829.7,42286.9,37513.9,83518.7,7124,4629,7050,1684,2352,1453,3118,4041,1757,760,1103,2999,1203,101.4,80.96,99.04,81.14,109.8,105.77,99.91,142.09,113.86,80.97,88.04,97.84,96.46
18,2004Q3,125153.022803979,1.5359999999999998,16.75926666666667,1.2566,0.9599333333333333,42.1485,1.1429099999999999,0.8910333333333332,15.181456666666667,4.2,2.63,3.03,0.97,2.17,1.5,1.8,2.17,3.37,2.73,3.43,4.47,3.3,3.07,2.23,1.43,2.97,1.8,3.27,2.97,4.17,5.27,3.1,4.27,7.1,4.53,4424.5,69534.6,18597.6,73474,34102.7,28793,40423.1,94419.7,80967.7,33092,83563.6,11211.2,45704.1,22950.2,13077.9,101981.2,183984.6,74901,175427.8,246326.2,86922.4,11055.7,46308.6,40831.9,69649.1,131212.8,26951.5,24109.9,57775.2,113045.2,46444.8,32335.4,23990.3,53548.4,55473.3,75498.9,14820.6,41789,56379.3,101306.1,134867.2,171742.3,197198.6,96088.9,42896.1,38034.3,84208.7,5942,3030,5212,1121,2044,1519,3010,3181,1322,622,719,2235,1007,100.45,81.33,84.48,81.98,109.71,105.82,100.28,138.27,113.67,81.25,87.75,97.86,95.87
19,2004Q4,126499.831649789,1.5335666666666665,17.005933333333335,1.1844999999999999,0.9696333333333333,42.420899999999996,1.1184633333333334,0.8953466666666667,14.302723333333333,4.27,2.93,3.07,1.37,2.4,1.7,2.1,2.4,3.37,2.97,3.43,4.43,3.43,3.33,2.3,1.5,3.0,2.2,3.37,3.1,5.0,5.47,4.23,4.33,7.3,4.37,4346.9,69086.7,18138.8,73224.6,33911.3,29026.9,39679.8,92781.1,78812.4,32703.9,81897.9,11274.6,45143.9,22709.1,13022.7,98355.9,178294.9,74633.4,174470.6,246918.8,89723.4,9868.4,46344.3,41250.7,68704.8,129233.5,27029.9,24344.3,56588,113326.8,45612.8,32548.9,23697.7,53358.4,55606.2,75494.9,14675.3,41086.3,48824.8,101378.7,136070.9,171980,196268.1,95967.9,42923.4,38153,83709.8,5591,3263,4968,1454,1932,1574,2905,3122,1325,631,553,2221,1188,100.27,81.57,97.24,83.13,109.62,105.86,100.77,140.45,113.55,81.71,87.89,98.11,96.9
20,2005Q1,127546.776053812,1.5485,17.0555,1.1803666666666668,0.9624,44.268966666666664,1.1296899999999999,0.91712,14.284346666666666,4.33,3.03,3.27,1.6,2.47,1.77,2.03,2.63,3.4,3.27,3.67,4.4,3.57,3.63,2.2,1.57,3.2,2.13,3.53,3.27,5.23,5.77,4.8,4.6,7.5,4.67,4326.6,69527.1,17827.9,72785.9,33793.3,29303.9,40153.5,91970.5,80254.7,32808.4,81743.9,11028.1,45093.6,22269.1,12856.3,96008,174546.7,74802.3,175687.3,242151.3,90905.2,9813,45679.2,39463,68922.4,131394.9,27120.9,23520.4,57095.3,112330.7,44592.1,32496.4,23955.7,53142.3,55566.3,75231.7,14701.3,40719.1,46677.4,101719.1,137104.3,173010.8,197582.3,97075.1,43542.7,39558.3,84169.1,6404,4060,5971,1281,2273,1848,3379,3385,1379,398,1104,2500,1130,100.93,82.61,85.07,82.93,109.6,106.19,101.12,141.52,113.32,81.7,88.56,98.68,96.59
21,2005Q2,129060.11837134,1.5433666666666666,16.760033333333332,1.2255,0.9847999999999999,49.38309999999999,1.1395233333333332,0.9417399999999999,14.823946666666666,4.0,2.7,2.9,1.37,2.2,1.57,1.83,2.4,3.2,2.97,3.3,4.03,3.27,3.13,2.1,1.3,2.9,2.4,3.13,3.0,4.47,5.33,3.63,4.13,7.53,4.13,4425.2,69067.7,18169.8,72512.9,33239.5,29199.6,40510,92808.1,80030.8,33033,82491.7,11233.7,44783.3,21675.6,12792.4,100441.2,183641,74860.7,177843.4,241717.7,87989.1,10069.6,46183.7,38416.3,67905.5,129452.2,26725,23067.6,58475.1,109061.3,43834.3,33664.6,23913,54137.7,56957.6,76893.6,14691.8,40789.8,59738.3,102906.7,136925.8,172506,197338.8,97321.1,43706.5,39033.6,84857.1,6462,3481,5517,1195,2051,1530,3405,4206,1727,592,1209,2678,1042,100.83,85.02,99.38,83.54,109.75,106.36,102.0,137.37,112.99,81.71,88.88,98.8,97.48
22,2005Q3,131055.386165924,1.5532666666666666,16.575999999999997,1.2732666666666665,1.0586666666666666,54.29416666666666,1.1447766666666668,0.9672466666666667,15.659929999999997,3.87,2.7,3.03,1.17,2.2,1.33,1.83,2.37,3.07,3.0,3.27,3.93,3.17,3.07,2.2,1.43,2.87,1.8,3.13,2.93,4.43,5.1,3.2,4.23,7.17,4.17,4433.4,69621.1,17780.3,72794.1,34259.3,30471,40853.3,95100.6,82593.7,33764.5,82577.5,11252.5,45396.6,21956.1,12836.7,102543.2,189181.8,76098.1,178968.4,240498.6,88925.8,9889.4,45728.9,39676.6,67932.8,129582.9,26776.2,23645.1,59259.3,109561.3,45307.2,34453.3,23588.9,54531,57697,77632.2,15158.2,40709.5,67073.1,103996.2,136694.7,170788.3,200333.1,99154,44623.6,39800.7,86269.8,7067,3021,5904,1263,2747,1499,3544,3950,1609,615,669,2713,1257,99.64,85.24,81.85,84.66,109.83,106.52,104.43,126.25,112.91,82.12,88.76,98.91,97.0
23,2005Q4,133098.114328077,1.5473,16.3272,1.3008333333333335,1.1084333333333334,57.85136666666667,1.10954,0.9678466666666666,16.106123333333333,3.9,2.9,3.13,1.13,2.33,1.83,2.1,2.57,2.93,3.1,3.3,3.97,3.13,3.33,2.23,1.63,2.87,2.3,3.2,3.1,5.33,5.13,4.27,4.37,7.27,3.93,4389.8,69914.9,17466.9,72255.1,33885.3,30434.2,40419.8,93673.8,83584.9,33959,81991.4,11198.2,45207.7,21950.8,12907.6,99034.6,182331.7,76271.8,176681.5,241925.4,93196.7,9134,45188.3,39491.2,67440.1,127448.6,26731.4,23256.9,58759.4,109719.1,44540,34786.2,23888.2,53842.5,57503.1,76736.5,15182.9,40213.3,60401.1,104685.2,138116,170674.1,200157.9,99334.3,45217.3,39232.1,86468.1,8642,3780,5919,1332,1850,1781,4384,4857,2041,864,737,2838,1520,98.89,85.55,98.86,85.47,109.45,106.21,105.53,125.67,113.18,82.94,88.75,98.92,97.96
24,2006Q1,135591.354581187,1.5585666666666667,16.664533333333335,1.2955666666666665,1.1217666666666666,58.99913333333333,1.10872,0.9578066666666666,16.102603333333334,3.87,2.9,3.13,1.27,2.33,1.8,2.0,2.73,2.93,3.37,3.37,4.13,3.1,3.47,2.1,1.57,2.9,2.03,3.3,3.1,5.67,5.27,4.37,4.53,7.2,4.33,4630.9,67383.2,17217.2,71052.7,33638.7,30479.1,40994.8,95099.7,83260.2,31706.4,84702.6,11485.4,45116.8,21457,12875,97573.6,180178.1,76590.5,177970,237943.7,93549.1,9240.1,45155.3,38973,69228,131630.8,27220.8,22959.4,60485.4,109295.9,43129.9,35166.2,24424.1,55017.7,59445.1,78687.7,15883.7,40740.6,59416.9,106038.7,139422.9,174035.5,200124.9,99623.8,45882.8,41734.8,86277.6,10763,4868,7492,1616,3269,2501,4911,6004,2480,914,1199,3002,1224,99.92,85.52,85.98,85.78,109.48,106.61,105.13,125.59,113.3,82.99,89.85,99.63,97.79
25,2006Q2,137462.488997973,1.5637999999999999,16.80926666666667,1.2448666666666668,1.1079666666666668,57.068266666666666,1.08739,0.9289566666666667,15.5341,3.33,2.4,2.63,1.0,1.87,1.47,1.57,2.33,2.43,2.87,2.93,3.7,2.8,2.83,1.8,1.07,2.47,1.97,2.83,2.6,4.5,4.77,3.17,4.07,6.93,3.77,4438.5,69121.8,16761.3,71344,34473,31442,41203.1,96354.8,86039.2,32220.5,84766.2,11613,44923.2,21783.6,12872.5,101546.8,188694,76024.8,179841.1,235653.8,90176.8,9567.3,45115.8,39222.2,68514.1,130383.9,26856.4,22897.2,61265.9,111347.9,43338.4,35659.6,25014.5,54710.4,59679.6,78357.1,16416.6,40462.5,76190.8,107068.4,137747.3,171935.9,200582.8,100142.4,46587.8,40674.6,86964.2,11552,5489,6752,1941,2890,2408,5106,6410,2670,861,1615,3422,1137,100.0,85.56,101.07,86.48,109.96,106.73,106.84,123.01,113.02,83.0,89.9,99.78,98.77
26,2006Q3,139285.751886508,1.5766,17.07466666666667,1.2367000000000001,1.1034333333333333,56.93866666666667,1.0640866666666666,0.9360499999999999,15.538456666666667,3.1,2.23,2.5,0.9,1.83,1.3,1.5,2.07,2.4,2.9,2.73,3.57,2.67,2.57,1.83,0.9,2.33,1.37,2.67,2.47,4.4,4.53,2.67,3.93,6.87,3.6,4590.2,70219,16889.7,72120.8,34415.4,31740.9,42249.8,98552.3,89049.7,32880.4,85958.2,12015.6,46346.3,22428.4,13138.5,103508.3,192719.4,76027.9,180734.4,236464.2,90815.3,9885,45731.9,39678.4,67831.1,129392.5,27003.9,23055.1,61564.9,114220.4,43725.1,36565.9,25300.6,56127.8,61979.9,80791.6,17010.5,41084.8,82271.2,109180.8,140126.3,174020.5,202552,101420.5,47685.9,41672.5,88171.7,11237,4592,7158,1656,3145,2521,5100,6314,2631,971,1112,3657,1237,100.58,85.55,84.11,86.85,109.77,106.07,107.9,122.94,112.72,83.41,89.82,99.68,98.19
27,2006Q4,141686.143745701,1.592833333333333,17.438633333333332,1.2345333333333333,1.0844,57.3272,1.0487233333333335,0.95081,15.709136666666668,3.03,2.43,2.53,1.23,1.87,1.33,1.5,2.07,2.3,2.93,2.63,3.53,2.53,2.6,1.83,1.03,2.33,1.87,2.63,2.4,4.97,4.53,3.77,3.87,6.8,3.63,4587.4,70585.8,17196.1,71268.8,34240.7,31798.9,41813.5,98523.6,90373.6,33561.8,87240.8,12626.7,46800.9,22138.4,13045.3,100435.2,187327.6,75981.6,182213.8,242190.1,93945.8,9940.3,46563.2,39823.5,67303.7,128052.3,26643.6,22974.3,62511.8,115908.3,43790.6,37616.3,25639.4,55718.2,62140.4,80372.5,16958.5,40770.6,69042.1,109962.3,142458.5,174859,203267,102042.1,48500.2,41155.4,88661.1,11896,4295,8225,1996,3659,3558,4884,6915,2909,1014,1166,4271,1732,99.62,85.61,100.81,86.76,109.66,105.95,104.91,122.9,112.51,84.3,89.53,99.63,98.41
28,2007Q1,143869.251200062,1.6165333333333336,17.587500000000002,1.2340333333333333,1.0525333333333335,58.45656666666667,1.0330433333333333,0.96936,15.892776666666668,3.03,2.37,2.5,1.47,1.77,1.17,1.4,2.0,2.33,3.1,2.7,3.6,2.53,2.5,1.8,1.23,2.3,1.4,2.67,2.33,5.17,4.63,3.93,3.83,6.83,3.9,4649.7,70643.3,17094,71829.1,33902.4,31866.3,42569.3,99263.1,91234.2,33539.5,86683.1,12799.4,47223.2,22481.7,13214.7,100404.1,187957.1,75370.6,182626.6,241708.1,94836.4,10013.1,46643.7,38791.1,67387.1,128515,27326.3,22781.6,62513.9,118966.5,44410.2,38389.6,25603,56241.6,63416.6,81321.5,17355.9,40876.4,63044.3,111609.1,145067.8,175033.7,203295.9,102503,49240.8,42320.5,89691.6,14255,6195,9156,2347,4841,3444,5120,7632,3302,1092,1456,3887,2084,100.17,86.15,82.82,86.86,110.09,106.02,104.86,122.66,112.47,84.42,91.23,99.46,97.87
29,2007Q2,146863.099332018,1.6471999999999998,17.787899999999997,1.2219333333333333,1.1127666666666667,61.5559,1.0120699999999998,1.0158166666666666,15.92204,2.53,1.93,2.07,1.03,1.33,0.97,1.1,1.6,1.93,2.53,2.37,3.3,2.27,2.03,1.43,0.97,1.93,1.53,2.3,1.87,4.0,4.07,2.93,3.3,6.27,3.27,4811.7,71090.7,17129.4,71556.5,34204.7,32432.8,42062.5,100662.1,93178.3,33875.9,87528.8,13083,47474,22849.2,13454.8,103494.6,194692.2,75254.5,187036.1,240774.8,92592.5,10508.1,46626.7,38784.1,69794.6,132449.5,27244,22477,64396.5,118767.9,42993.1,40105.2,25980.5,56569.9,64455.3,82024.8,17935.2,41013.4,76585.6,113278,145806.6,174925.5,204948.3,103636,50317.7,42582.3,89492.7,15629,6157,10562,2973,4708,3784,5324,8846,3868,1293,1965,4671,1930,100.42,87.22,99.99,88.06,110.04,106.21,107.75,119.4,112.39,84.42,91.2,99.72,99.29
30,2007Q3,148590.120863663,1.6473000000000002,17.776233333333334,1.1988,1.1459666666666666,62.437599999999996,1.01827,1.0152533333333333,15.857729999999998,2.4,1.77,1.9,0.73,1.33,1.03,0.97,1.47,1.77,2.43,2.33,3.07,2.17,1.9,1.4,0.93,1.8,1.0,2.2,1.77,3.87,3.87,2.43,3.2,5.93,3.17,4795.7,71077.3,17208.9,72448.9,34280.7,32784.2,42415.4,101848.5,95109.8,35414.5,87813.5,13366.8,48048.4,22909.2,13608.5,105782.1,199834.2,76132.9,189122.9,245998.2,93482.7,10594.3,47367.4,38757.2,70502.3,133380.4,27317.2,22587.7,65258.7,119889.1,43211,42197.4,26086.8,57754.7,66516,84037.2,17073.1,41677.4,82575.3,115870.5,143554.6,176611.4,206300.9,104627.5,51318.6,42914.1,89742.4,15838,5376,11688,2795,4607,3916,5164,9212,4034,1233,1159,4512,2543,100.45,87.78,86.8,88.6,110.05,106.17,107.95,118.94,112.06,84.71,90.76,99.85,98.81
31,2007Q4,150136.130905014,1.6591666666666667,17.8426,1.1455666666666666,1.1681333333333332,64.12836666666668,1.0133400000000001,1.0195966666666667,15.42553,2.5,1.93,2.03,0.97,1.4,1.23,1.2,1.4,1.73,2.57,2.33,2.97,2.23,2.23,1.47,0.93,1.8,1.6,2.27,1.9,4.5,3.87,3.37,3.3,6.0,2.97,4739.8,71186.6,17032.4,71979.6,33956.7,32736.1,42189.6,101787.3,96518.9,36541.9,87153.4,13399.1,48203.6,22717.1,13759.3,104008.5,197008.1,75512.7,190627.5,249840.1,96339.8,10701,47915.1,38341.5,70920,133371.9,27117.4,22223.8,66128.3,119709,43286,43228.1,26903.5,57950.8,67347.6,84414.1,16731.8,41767.5,72752.6,117642.9,139673.1,180056.8,207712.7,105634.3,52350.6,42765.6,89922.7,14757,5278,12579,2690,4137,4034,5212,8099,3511,1559,1311,4182,1713,101.16,88.13,103.45,89.73,110.23,106.05,108.67,118.79,112.3,85.38,90.82,99.98,100.06
32,2008Q1,152442.986320703,1.5995666666666668,17.009466666666665,1.0678666666666667,1.0643333333333334,61.442033333333335,1.0146433333333333,0.9676866666666667,14.921199999999999,2.6,1.9,2.17,0.97,1.4,1.2,1.27,1.33,1.8,2.73,2.4,3.07,2.3,2.43,1.4,1.0,1.87,1.2,2.43,2.0,4.57,4.07,3.6,3.5,5.87,3.13,4719.1,71713.9,17274.6,71181.7,34154.5,33220.3,41982.9,103113.4,98557.8,37586.5,86763,13571,48636.2,22608.7,13755.5,103109.1,195897,75576.2,190130.1,247308.6,98277.8,10916.7,48496,38202.1,71208.3,134016.9,27328.9,22183.7,67090.7,120749.7,43180.6,44710.3,27092.6,58302.5,68534.2,85257,16957.3,41822.9,70288.4,119861.7,141943.5,181087.1,210007.1,107281.2,53727.4,43517,90050.8,16347,5792,13430,3354,4996,4380,6010,8710,3822,1520,2155,4771,2085,102.46,88.94,88.57,90.99,110.79,106.09,110.14,116.87,112.72,85.57,92.79,100.2,100.29
33,2008Q2,154212.839164222,1.6112333333333335,17.218833333333333,1.0311000000000001,1.0212,62.242933333333326,0.9863266666666667,0.9733033333333334,14.824706666666666,2.3,1.63,1.9,0.77,1.1,1.1,1.23,1.17,1.7,2.23,2.13,2.83,2.13,1.9,1.17,0.77,1.7,1.33,2.2,1.8,3.67,3.7,2.77,3.13,5.63,2.77,4826.9,72457.4,17314.1,71500.2,34730.8,34103.3,42088.4,103478.4,100440.2,39102.6,87595.4,13615.1,48883.4,22529.3,13764,104333.8,198902.1,75996.7,190391,245759.2,95211.4,11541.6,49031.6,38092.8,72372.8,135490.3,27398.3,22082.6,68014.8,121669.6,43254.8,44349.5,27955.4,59308.9,70409.9,86917.3,17294.2,42296.1,87178.8,122158.2,141191.5,180622.6,212661.4,108945.9,55097.4,43656.5,90594.6,15605,6810,13611,2954,5305,4125,5097,8224,3679,1450,1938,4977,1509,103.36,89.57,104.14,93.02,111.27,106.13,111.88,116.77,113.33,85.57,93.09,100.59,101.95
34,2008Q3,155352.666066355,1.6111666666666666,17.005566666666667,1.0732333333333335,1.0298333333333334,64.62760000000002,0.99758,0.9501400000000001,15.684083333333334,2.3,1.57,1.77,0.63,1.07,0.93,1.03,1.13,1.7,2.33,2.1,2.87,2.13,1.8,1.37,0.7,1.73,0.97,2.17,1.83,3.67,3.7,2.4,3.1,5.5,2.9,4738.2,72592.2,17441.9,72552.9,34633.3,34283.8,42459.6,104706.9,102305.2,41212.8,88444.5,13868.3,49302.8,22609.5,13847.5,105550.8,202696.6,77894.3,191525.5,250889.5,95927.4,11990.5,49236.6,38271.3,71894.3,135801,27729.2,22031.4,68146.3,123330,43595.7,44679.9,29192.6,59443.7,71184.5,87283.7,18041,42698,89518.7,125526,140293.9,180157.9,215428.2,110551.5,56523.5,44138.9,91349.4,15119,6398,13381,3079,5014,4014,4512,7561,3422,1382,1319,5669,1640,104.19,90.01,89.97,93.88,110.43,105.62,113.57,116.86,113.08,86.0,93.26,100.57,101.75
35,2008Q4,152069.174992362,1.5250333333333332,14.896099999999999,1.1592666666666667,0.9588333333333333,51.01193333333333,1.2092033333333332,0.7776733333333333,16.947243333333333,2.57,1.93,2.1,0.97,1.47,1.27,1.4,1.6,1.9,2.73,2.47,3.17,2.33,2.13,1.6,0.97,2.13,1.57,2.4,2.13,4.5,4.07,3.63,3.57,5.73,3.4,4790.5,72590,16682.9,71132,34120.3,34253.5,41542.4,102367.2,101942.6,39869.8,86950.2,13879.6,48896.6,22681.2,13719.8,101866.9,195269.3,76473.6,189978.1,253176.9,97636.8,11723,49240.4,37985.2,71879.9,134562.5,27485.9,21977.9,67245.6,123744.9,43516.4,44678.1,29001,58920.3,70917.4,86915.9,18371.3,41976.3,70560.2,124307.3,138906.5,182117.8,216389.5,110953.5,56868.6,43918.6,90783,9126,4272,8388,1914,2803,2852,3424,6413,2732,1339,1442,5174,1602,104.67,89.74,105.2,92.57,111.21,105.86,108.83,115.56,112.89,86.93,93.4,100.89,101.65
36,2009Q1,149335.01768145,1.4970999999999999,13.695333333333332,1.1497,0.9237333333333333,49.6659,1.2314800000000001,0.7615266666666667,16.817203333333335,3.17,2.4,2.67,1.27,1.9,1.6,1.67,2.07,2.47,3.4,3.2,3.53,2.87,2.73,2.03,1.27,2.8,1.6,3.0,2.7,5.0,4.7,4.37,4.57,6.33,4.33,4628.2,72425.7,16805.5,69743.4,33627.6,34175.7,41011.7,100539.4,100503.4,40006.9,85119,14042.2,48342.8,22829.5,13564.4,101461,193658.4,75762.4,189343.6,247574.8,97753.6,11543.9,49111.4,37115.6,71021.3,131130.2,27398.6,21892.2,68192.1,125232.6,43804.1,46264.1,29381,59104,71241.9,87323.2,18651.1,41839.5,60189.3,124286.1,140177.4,182682.5,216668.7,111218.1,57068.3,43173.2,90545.9,6981,3919,7023,1635,4079,2600,3424,5922,2486,1411,1716,5924,1758,104.55,91.05,91.58,91.0,111.33,105.94,105.43,111.15,112.79,87.09,94.62,100.88,100.28
37,2009Q2,149478.113215056,1.5137999999999998,14.030733333333336,1.1126,0.9525333333333333,53.468700000000005,1.1425400000000001,0.8443733333333333,16.290463333333335,3.43,2.47,2.67,1.17,1.93,1.47,1.6,2.3,2.67,2.97,3.67,3.63,3.23,3.1,2.03,1.27,3.2,1.93,3.2,2.93,4.47,4.87,3.57,5.43,6.63,4.87,4620.6,73268.2,15414.6,69013.8,33403.4,34442.3,40150.3,97464,98869.2,39294.1,83054.3,14118.7,48007.1,23085.7,13566.2,104198.7,197929.4,74981.6,186593.2,244943.3,94982.5,11518.7,48845.1,36086,69880,129257.4,27288,21731.5,68349.5,123270.6,43545.1,47223.8,29066.1,59399.9,71877,88223.7,19381.5,41672.9,68903.6,124293,141129.8,181450.2,217281.8,111481.1,57277.5,44360.2,91115.7,6289,4104,7598,1718,3178,2235,3279,6361,2685,1361,1815,5973,1938,104.04,91.56,106.27,91.29,112.08,106.18,107.22,110.36,112.53,87.09,94.73,100.96,101.19
38,2009Q3,151430.546154861,1.5196666666666667,14.5924,1.0630333333333333,0.9676666666666667,56.8958,1.1357599999999999,0.8853433333333333,15.563093333333333,3.9,2.7,2.9,1.1,2.1,1.6,1.9,2.63,2.97,3.37,4.13,3.83,3.53,3.47,2.23,1.33,3.53,1.53,3.57,3.37,4.63,5.27,3.63,6.33,6.9,5.67,4595.5,74128,15159.2,68696.7,33236.1,34744,40087.2,96511.5,96907,38718.3,81695.5,14174.3,47675.5,23680,13721.5,106682.8,202118.3,76171,186784.1,247568,95274.1,11149.3,48250.8,36085.8,71066.5,130289.1,27069.3,21902.2,69485.9,124521.5,43950.9,47574.9,29345.4,59736.1,72505,88829.7,19430.6,41494,71495.5,124315.1,143441,183106.7,219610.6,112526.9,57848.1,44241.7,91366.4,6101,3764,7538,1644,2662,2108,3719,5916,2113,1280,983,5003,1266,103.32,92.73,92.1,91.78,111.61,106.37,108.46,110.65,112.13,87.39,94.76,101.07,100.76
39,2009Q4,152491.98637053,1.5089666666666666,14.572066666666666,1.0207333333333333,0.9662000000000001,58.613733333333336,1.1382166666666667,0.9283133333333332,14.951300000000002,4.3,3.0,3.2,1.63,2.33,1.9,2.13,2.77,3.13,3.67,4.43,4.2,3.73,3.8,2.2,1.47,3.73,2.13,3.8,3.73,5.43,5.7,4.93,6.83,7.13,5.97,4487.9,72970.9,14960.5,68269.5,32812.3,34745.8,39874.6,95475.2,95666.8,38160.7,80257.6,14102.1,47253.3,23898.2,13553.1,103935.3,196330.1,76888,187080.4,251128.4,97384.1,10824.7,47965.3,35158.8,71300.4,129908.9,26644.7,21499,68414.6,124162.7,43697.4,47126,29282.8,59456.8,72462.5,88921.9,19168.1,41061.1,62552.5,123476.5,144909.5,185372.9,221397.1,113317.7,58392.5,43866.4,89824.2,6496,3978,7780,1709,2979,2311,4164,6335,1912,1183,1002,4521,1913,102.0,92.66,107.33,92.14,112.23,106.55,108.78,111.15,111.87,88.03,94.62,101.21,101.46
40,2010Q1,154248.958088062,1.4641333333333335,14.701966666666669,1.0573333333333332,1.0159666666666667,58.664633333333335,1.1658333333333333,0.9558533333333333,15.487033333333335,4.03,3.03,2.9,1.57,2.27,1.57,2.0,2.87,2.8,3.13,4.17,4.57,3.63,3.93,2.17,1.4,3.57,1.67,3.57,3.43,5.2,5.4,4.57,6.97,6.87,5.9,4480.5,72194.3,14928.8,67811.4,33150.4,35654.6,39818,94471.1,95256.4,37937.5,79373.3,14289.4,47446.1,24187.8,13588.6,104119.2,196033.4,76226.4,189266.5,248785.4,98339.3,10903.8,47655,34625.7,71468.1,130133,26496.5,21248.8,69050.1,123832.2,43223.4,46939.6,28783.1,59702.4,72944.5,89539.5,19419.4,40805.2,61591.5,122895.4,145998.1,183709.5,221213.1,113366.1,58457.7,44161.7,90496.8,7995,4640,8420,1968,3601,2425,4587,6465,1612,1303,1467,4731,1433,103.04,92.21,92.84,93.29,111.47,106.56,109.87,109.21,111.3,88.08,95.59,102.29,101.4
41,2010Q2,155694.937090843,1.4103999999999999,14.627766666666666,1.1083333333333334,1.0782666666666667,61.892966666666666,1.2031033333333332,0.9783033333333334,16.242313333333332,3.63,2.63,2.43,1.2,2.0,1.3,1.53,2.47,2.33,2.53,3.6,4.1,3.3,3.07,1.8,0.97,3.1,1.7,3.17,2.93,4.33,4.9,3.5,6.0,6.67,5.13,4500.6,72650.9,14944.9,67467.8,32822.2,35731.3,40348.6,95004.1,96064.3,38162.4,78799.2,14234.3,47574.3,24691,13604.9,107579.2,201644,76773.3,191419.8,247247.9,95289.2,11347.3,47680.4,34431.1,72184.4,130362.5,26429.1,21152.1,68697.1,123660.1,42858.2,47002.1,28888.7,59872.2,73524.6,90389.7,18972.3,40637.2,80297.1,123183.2,146770.4,183670.8,222177.7,113844.3,58787.6,44633.4,90476.3,10017,5146,9331,2329,2271,2646,4535,8186,1719,1281,1636,5262,1601,102.94,93.12,107.54,94.04,111.89,106.16,110.87,109.27,109.84,88.08,95.54,102.58,102.19
42,2010Q3,156297.418014518,1.3328,14.196966666666668,1.0323333333333333,0.9931999999999999,58.947,1.20286,0.9324766666666667,15.251846666666667,3.37,2.5,2.17,1.03,1.9,1.17,1.3,2.2,2.2,2.4,3.2,4.0,3.17,2.63,1.9,0.93,2.87,1.23,2.97,2.6,4.33,4.73,2.87,5.97,6.4,4.9,4563.8,73526.4,14900,68105.4,31792.1,36325.3,40801.7,96512.4,96713.6,38106.5,79170.9,14347.3,48136.9,24917.8,13870,108706.8,205657.4,77892.2,192773.6,247869.6,95933.9,11218.8,48354.1,34723.7,69764.4,129479.1,26357.3,21764.2,70287.9,125018,42751.4,48332.2,29639.7,59119.6,73845.1,91429.1,19450.6,40449.2,88551.8,123888.5,148882.6,185304.4,225693.6,114801.3,59065.4,44507.6,91099.7,10288,4431,10184,1880,3199,3017,4905,7937,1858,1339,1268,4499,1559,102.31,93.31,93.07,93.58,110.77,105.66,109.79,109.25,109.46,88.37,95.39,102.42,101.1
43,2010Q4,157763.394018186,1.3237333333333332,14.3536,0.9733,0.9606666666666667,57.344366666666666,1.1799600000000001,0.9615900000000001,14.617233333333333,3.27,2.5,2.13,1.53,1.77,1.07,1.23,2.13,2.13,2.43,2.97,4.07,3.2,2.5,1.7,0.83,2.73,1.7,2.9,2.5,5.03,4.8,3.8,5.83,6.43,4.57,4443.2,73450.1,14892.2,67909.3,30949.9,36692.7,40271.7,96550.4,97841.3,37991,79102.3,14357.7,48255.1,25084.4,13959,103774.2,203672.1,77268.8,194517.8,249228.4,99637.5,10905.9,48565.5,34480.3,71151.9,127106,26155.2,22357.8,70776.4,124965.6,42451.6,49001.5,29829.3,59084.7,72830.3,92094,19785.9,40733.6,76185.5,123185.7,149798,187863.7,229475.3,114801.9,59325.5,42907.1,90755,11253,4578,8392,1865,2783,3306,4902,7985,1861,1472,967,4766,1274,101.04,93.77,108.35,94.23,111.32,105.69,109.72,109.2,109.21,89.1,95.3,102.24,101.79
44,2011Q1,158464.306850843,1.2874666666666668,14.514733333333334,0.9421666666666667,0.9552,56.4555,1.1442033333333332,0.9464466666666667,14.300289999999999,3.3,2.47,2.07,1.37,1.73,0.9,1.1,2.23,2.1,2.47,2.87,4.2,3.1,2.6,1.8,0.97,2.5,1.6,2.9,2.47,5.17,4.9,3.9,5.67,6.37,4.37,4326.6,72798.8,15771.7,66910.5,29765.6,36908.3,40014.4,96889,98577.6,38101,78748.6,14805.6,48111.6,25113.9,13973.2,103135.5,199883.8,76804.3,194797.9,245719.4,98859.6,12561.9,50115.9,34375.6,69319.2,127088.9,25364.5,23084.3,71513.2,124731.8,41582.5,49409.1,29031.2,59002.7,72228.7,91804.3,20525.6,40794.9,70416.5,123506.3,147753.4,188301.7,230831.1,113422,58511.5,44330.1,89617.1,13419,5133,10299,1867,4295,3539,5251,8739,1662,1363,1298,5498,1460,99.89,94.6,100.59,95.78,110.35,105.71,111.92,109.3,107.33,89.37,97.03,102.65,102.0
45,2011Q2,159436.255037278,1.2537,13.902333333333333,0.8708333333333335,0.9001333333333333,54.5537,1.0659366666666668,0.9243666666666668,13.381623333333332,2.73,1.93,1.7,1.0,1.3,0.67,0.83,1.77,1.77,1.93,2.23,3.5,2.67,2.03,1.3,0.6,2.03,1.6,2.4,1.9,3.8,4.13,2.77,4.5,5.63,3.1,4307,73052.9,16063.3,66948.1,29306.4,37467.2,40002.1,97852.5,100629.6,38463.5,78998.7,13800.7,48562.3,25327.6,14024.6,107054.1,203408.1,76956.6,197308.8,244254.7,97513.4,12000.6,49128.9,33633,68538.4,127687.9,25534.2,24020.1,72269.9,124463.5,41485.9,50027.8,29618.7,59413.4,73494.5,92364.3,21179.9,41536.5,85579.5,126481.6,150234.3,188626.4,234730.3,114167.4,60033,45544.1,90717.1,13533,5060,10700,2038,3180,3573,5034,8868,1358,1376,1467,5791,1745,99.98,95.1,108.28,96.18,110.52,105.95,113.28,108.76,107.31,89.37,97.0,102.55,102.59
46,2011Q3,158817.017737604,1.1664333333333334,12.755366666666667,0.8259666666666666,0.8432333333333334,50.60176666666666,1.0626266666666666,0.8670666666666667,12.862673333333333,2.6,1.8,1.67,0.9,1.17,0.6,0.8,1.7,1.73,1.97,2.17,3.43,2.53,2.03,1.23,0.83,1.97,1.13,2.37,1.73,3.6,4.17,2.43,4.3,5.13,3.0,4320.2,73359.3,15962.5,67175.6,29533.1,37502,39858,98129.9,101084.5,38061.2,80162.4,14171.8,49376.5,25504,14097.3,108635.2,208047.8,77980.2,198143.8,244344.8,98878,12333,49382.4,33938.6,67024.3,123578.5,25768.4,24530.6,73598.1,125238.6,42243.5,50277.4,29514.1,59488.9,74867.4,94508.9,20984.7,42586.1,90066.6,129395,151401,190591.8,235997.8,115997.7,61179.3,46050.7,91166.9,10728,4436,9828,1977,2723,2933,3974,8192,1324,1625,997,5093,1674,99.03,93.95,95.88,95.71,109.35,105.82,111.38,109.52,105.96,89.59,96.88,102.72,101.48
47,2011Q4,158941.895264836,1.2296333333333334,13.5238,0.9124333333333333,0.8914333333333334,50.651399999999995,1.18001,0.9228666666666667,14.391060000000001,2.8,2.03,1.9,1.43,1.4,0.93,0.87,2.1,1.83,2.2,2.3,3.57,2.63,2.23,1.27,0.97,2.17,1.77,2.57,1.93,4.37,4.43,3.57,4.47,5.27,3.03,4199.9,72656.3,15635.1,66295.8,29729.2,37112.8,39701.9,97345.4,101189,38011.1,79683.1,14072.3,49412.5,25295.9,14215.2,102457.6,206362.2,78851.4,199053.2,246764.3,101056.8,12307.1,49177.5,33695,67936.3,121654.7,25654.8,24873.6,74090.4,124558.5,41945.2,49886.8,29912.2,60206.2,75936.5,95790.2,20404.3,42772.7,76794.6,126432.5,151940.9,192627.4,238792.7,116269.6,61412.4,44423.6,92141.7,9931,4060,8423,1954,1904,2801,3751,7811,1216,1415,1140,5131,1471,97.11,95.0,102.86,96.48,109.22,105.63,108.57,109.58,104.76,90.28,96.63,102.22,101.33
48,2012Q1,160068.350719201,1.2082,13.647033333333333,0.9209999999999999,0.9196666666666667,52.105133333333335,1.1632033333333334,0.97216,14.601609999999999,3.03,2.1,2.07,1.6,1.47,0.9,0.93,2.43,1.93,2.57,2.47,3.8,2.87,2.57,1.53,1.17,2.37,1.67,2.8,2.2,4.77,4.8,4.07,4.7,5.13,3.4,4289,73151.4,15222.5,65457.9,29880.2,38696.6,39846.3,97366.8,101601.6,37820.9,79123,13909.7,50061.9,25154,14424.2,103422.5,204780.7,78187.3,199012.8,244057.8,101242.8,12869.7,49059.8,32971.3,66178.4,121406.4,25394.1,24829,73341.7,122856.2,41951,50122,32400,60588.2,77208.7,96818.6,19992.5,44173,75099.3,126867.4,152626.8,193283.5,240567.9,118766.7,61643.3,45893.4,92601.8,10945,5494,8414,1869,3063,2641,4303,8469,1868,1532,1535,6032,1554,97.79,95.6,92.98,96.97,108.42,105.62,108.84,109.44,103.01,90.79,97.78,102.73,101.11
49,2012Q2,160573.392433991,1.2014666666666667,13.4838,0.9365666666666667,0.927,47.80426666666667,1.1693733333333334,0.9454233333333333,14.854006666666669,2.87,1.87,1.8,1.2,1.2,0.83,0.77,2.3,1.7,2.17,2.27,3.57,2.73,2.47,1.4,1.07,2.13,1.73,2.6,2.03,3.93,4.43,3.1,4.47,4.83,2.97,4308.5,74038.3,15093.3,65559,29538,38719.7,39684.3,97414.2,101146.7,37671,79329,13702.9,50668.4,25031.9,14147.2,108157.4,207888.7,77892.4,200449.2,242648.3,100047.6,12767.5,49292,32647.3,66271.4,122643.6,25381.4,25404.9,72667.8,123161.4,42005.8,50644.9,33008,61390.1,77709,97917.8,20110.9,44222.7,89791,129116.1,154304.6,194570,242967.9,120767.2,61771.6,47920.4,92746,10537,4535,8384,1927,2216,2361,4129,8390,1598,1483,1814,6231,1350,98.29,95.49,100.47,96.81,108.62,105.61,109.65,109.31,103.49,90.79,97.66,102.81,101.55
50,2012Q3,161303.073306786,1.2036666666666667,14.252899999999999,0.9618666666666668,0.9661666666666666,47.40326666666667,1.2236900000000002,0.9990266666666666,15.182229999999999,2.87,1.87,1.8,0.93,1.17,0.83,0.73,2.13,1.83,2.23,2.37,3.43,2.57,2.4,1.5,1.27,2.27,1.23,2.57,2.1,4.0,4.5,2.8,4.7,4.73,3.1,4448.3,74469,14337.9,65902.4,29197.2,38851.7,39751.4,98269.4,100181.5,37527.3,79617.8,13572.6,51503.2,24865.3,14622.3,109611.1,213770.4,79518,203852.6,243874.6,101569.8,13714.5,49079.6,32924.1,65431.1,121740.6,25857,26009.2,76353.5,123529.6,42620.2,51438.9,33675.2,61406.9,79493.6,99669.5,20143.9,44610.1,95950.1,131565.3,156496,196178,245935,122215.8,62742.4,48534,92846.5,9957,4402,9052,1866,1961,2658,3808,7574,1521,1542,1213,6372,951,98.26,95.9,91.57,96.86,107.13,105.42,108.68,108.59,103.28,91.19,97.45,102.69,100.95
51,2012Q4,161818.350106109,1.2080333333333335,14.0082,0.9311999999999999,0.9396999999999999,45.229600000000005,1.1475166666666665,0.9673433333333333,14.770063333333335,3.13,2.17,1.93,1.57,1.43,0.97,1.1,2.47,1.93,2.57,2.67,3.73,2.7,2.67,1.67,1.37,2.47,1.87,2.8,2.33,4.73,4.83,4.07,5.1,5.17,3.43,4230.9,73780.6,13970.2,64873.3,29122.2,38477.7,39528.8,97058,98971.1,37116.5,77741.1,13347,51436.6,24460.7,14465.6,103840.4,210425.9,80051.2,203012.2,247546.8,105402.3,13432.7,49025.4,32875.1,66992.3,119189,25680.6,25360.6,78903.3,122261.1,42513.9,51041.3,34373.7,61955,80490,100001.2,19865.3,44476.2,81655.9,130021,156889.2,198802.5,247978.5,122867.5,64684.5,47463.2,93418.7,8889,3773,9130,1584,2493,2699,3391,7429,1563,1432,1269,6031,1259,97.79,95.74,98.23,96.71,107.15,105.12,108.06,107.07,103.51,92.03,97.2,102.53,100.98
52,2013Q1,162237.170042162,1.2280666666666666,14.461366666666668,0.9301,0.9224666666666667,46.553066666666666,1.00877,0.9657233333333334,14.818620000000001,3.3,2.47,2.17,1.6,1.57,0.97,1.03,2.7,2.17,2.97,3.03,4.0,2.83,2.97,1.8,1.73,2.7,1.8,3.03,2.67,4.97,5.2,4.8,5.37,5.4,3.9,4273,73774.3,13846,64132,28833.6,38956.6,39364.5,96486.4,99456.5,36290.3,77317.5,13012.7,51322.6,24584.6,14602.7,105397.7,207230.6,80600.8,203936.4,242349.6,105509.8,13514.7,48657.9,32830.7,66032.1,118768.9,25512.9,25527.7,80653.7,121320.6,42828.4,51330,34090.7,62112.3,81227,100597.4,19424.8,44911.6,73979.6,131515.6,158316.8,199687.7,248769.3,124081.7,65135.4,48230.5,93282.3,9622,4865,8441,1914,3132,3069,4257,8605,1856,1372,1904,6667,1421,98.44,96.51,90.1,96.61,106.11,104.6,108.57,106.77,103.05,92.14,98.38,103.1,100.73
53,2013Q2,163623.260248406,1.2309999999999999,14.3759,0.9423333333333334,0.9207666666666666,45.58213333333333,0.9553133333333333,0.93357,15.182353333333333,3.1,2.2,1.83,1.2,1.43,0.87,0.93,2.3,2.0,2.5,2.63,3.63,2.7,2.53,1.6,1.43,2.3,1.83,2.77,2.33,4.23,4.87,3.7,5.03,5.47,3.53,4335.1,73426.1,13685.6,63660.6,29258.7,39529.9,39284.9,95746.7,99803.6,36104.8,76759.6,12964.2,51178.5,24658.8,14601.6,110882.5,210911.7,80134.3,204946.2,241180.4,102547.2,14419,48851,32104.1,65358.5,119781,25606.8,25167.9,81621.4,120394.3,42825.4,50818.9,34679.5,62784.5,82703.8,100563.8,19614.9,43855.5,90227.2,133686.2,160473.6,199382.9,249925,125481.9,65756.2,49740.1,94418,10023,3888,8579,1842,3294,3535,3732,9211,1828,1804,1832,6034,1777,99.23,96.82,96.51,96.58,106.84,104.63,108.08,106.4,103.75,92.14,98.38,103.21,101.12
54,2013Q3,164415.718279332,1.2345333333333335,14.227766666666668,0.9319999999999999,0.8969,40.7534,0.94216,0.8536733333333334,15.1051,3.1,2.23,1.87,0.97,1.43,0.77,1.0,2.3,2.03,2.63,2.57,3.53,2.57,2.67,1.6,1.2,2.33,1.2,2.7,2.37,4.13,4.87,3.27,5.13,5.43,3.73,4350.2,74449.2,13621.4,63639.7,28703.7,39940.7,38451.7,95966.3,101156.7,36171.7,77258.4,15167.4,51228.1,24850.3,14685.1,112535.3,214192.1,80715.7,205982.8,242830.5,103102.3,14202.5,49467.2,32437.4,65707.4,120033.5,24815.8,25793.4,82124.1,121296.5,43320,50805.7,35070.6,62212.9,84185.6,101237,19543.3,44546.5,97808,136665.6,160625.8,203973.7,251163,126374.7,65447.6,49708.6,93134.3,10363,4051,7347,2139,3344,3964,3847,8377,1990,2015,1215,6333,1851,100.12,97.25,88.3,97.19,105.91,104.58,107.85,106.31,102.9,92.72,98.23,103.47,100.91
55,2013Q4,164837.194449451,1.2294,13.866333333333332,0.9032333333333332,0.8607333333333335,39.6418,0.8998933333333333,0.8377466666666665,14.728396666666667,3.3,2.47,1.97,1.27,1.57,1.07,1.03,2.57,2.27,2.93,2.63,3.73,2.7,2.93,1.77,1.27,2.4,2.0,2.93,2.57,4.73,5.07,4.47,5.43,5.53,4.0,4264.6,74078.7,13551.5,63453.6,28645,39817.1,38667.4,96524.9,101002.3,35977.7,76419.9,15010.8,51657,24923,14756.7,106112.5,211734.8,79414.2,205213.9,247755.9,105137.7,13829,48936.1,32654.4,66594.8,118439.1,24690.7,25033.5,83078.6,119621.1,43159.4,51630.7,34943.2,62130.6,83070.2,103133.4,19203.6,44477.6,83670.7,132692.6,161130.5,206291.8,252208.7,126963.4,65705.4,49325.7,93572.2,9900,3751,8475,1826,2301,3645,3757,9038,2244,1759,763,6117,1467,99.14,97.01,94.23,97.43,105.37,104.23,106.83,104.88,103.77,93.91,97.95,103.35,100.94
56,2014Q1,165349.646714705,1.2234333333333334,13.8072,0.8929333333333332,0.8097666666666666,37.760266666666666,0.8685866666666667,0.8008266666666667,14.589996666666666,3.37,2.53,2.0,1.37,1.7,1.03,1.07,2.6,2.33,2.97,2.7,3.67,2.8,3.03,1.77,1.33,2.5,1.8,3.0,2.67,4.73,4.97,4.67,5.43,5.63,4.0,4341.9,73374.5,13499.7,62793.7,29036.2,40236.6,38977.8,96918.4,102422.3,36106.7,75835.9,14979.7,50547.4,25133.3,14777.5,106018.8,210603.5,79336.6,206300.5,245788.1,106041.1,13992.5,49208.4,32972.6,65919.3,119555.8,25808.1,25651.8,85233.6,119668.8,43262.8,51416.1,35197.4,62093.3,83839.7,102395.5,19709.2,44156.7,76578.8,132263.1,159189.4,205624.3,252070.7,127303.7,66418.4,49310.2,92586.7,11332,4596,8482,2002,3926,4044,4360,8781,2473,1899,1408,6413,1754,99.57,97.47,87.34,97.81,105.19,103.62,106.71,103.96,103.31,93.96,99.46,102.11,100.71
57,2014Q2,166295.824693259,1.2191999999999998,13.468966666666667,0.8888666666666666,0.815,39.84813333333333,0.8703533333333334,0.8294,14.438493333333334,3.07,2.2,1.8,1.03,1.5,0.93,0.9,2.13,2.13,2.47,2.4,3.23,2.67,2.67,1.6,1.03,2.1,1.73,2.67,2.33,3.73,4.43,3.5,4.93,5.47,3.4,4433.7,73782.1,13778.8,62213.2,28608.4,40457,39023.9,95849.4,102800.4,35646.5,75623.4,14731.3,50648.2,25241.7,15034,113415.9,212297,78751.4,205027.5,241397.6,103209.1,14321.1,49038.9,32637.8,65190.2,120817.5,25943,25241.3,86579.4,118785.4,42738.8,52780.6,35298.3,61450,84081.4,102036.2,19999.2,45011.9,91493.2,135325.7,159322.4,205011.3,249168,128060.9,66244.5,50109.8,95574.7,11643,3687,9831,1889,3085,3413,4409,7863,2008,2021,1163,6620,1711,100.21,97.87,94.28,97.93,105.99,103.74,107.07,103.25,103.86,93.96,99.25,102.45,101.22
58,2014Q3,166848.956731204,1.2115333333333334,13.160000000000002,0.9140333333333334,0.8396333333333333,40.2294,0.8793199999999999,0.8453166666666667,14.856306666666667,3.03,2.23,1.77,0.67,1.4,0.8,0.9,2.0,2.07,2.57,2.3,3.13,2.53,2.87,1.73,0.97,2.07,1.17,2.63,2.13,3.63,4.37,3.1,4.93,5.43,3.47,4490.7,74824.8,13779.8,62566.4,28936.8,40646.8,39149.2,96785.2,103721.3,35712.3,76585.4,14965.5,50913.7,25679.9,15518.3,112703.7,215578.2,80244.6,205410.5,241763.7,104119.8,14281.7,48677.2,32816.1,64713.3,122515.6,25986.7,25321.4,86559,119250,43245.7,52467.4,35053.7,61659.5,84841.6,104645.5,20215.6,44703.8,97775.1,136998.2,160234.9,205891.9,255725.6,129667.2,66404.9,50578.7,94014.4,10398,3118,9383,2001,3235,3437,4425,8332,2047,2014,824,5873,1689,101.11,97.96,87.83,98.2,104.43,103.44,106.81,103.28,103.45,94.16,98.78,102.71,100.92
59,2014Q4,167265.563119688,1.2042666666666666,12.985766666666668,0.9643666666666667,0.8487333333333335,37.90823333333333,0.8427166666666667,0.82497,15.716963333333334,3.23,2.43,1.9,1.13,1.5,0.9,1.07,2.13,2.1,2.73,2.37,3.5,2.6,3.03,1.8,0.97,2.2,1.9,2.83,2.23,4.2,4.63,4.27,5.03,5.33,3.77,4377.1,74531.6,13712.5,62447.9,28344.3,40631.8,38589.3,94871.3,103272.7,35553.8,76429.4,14976.2,51042.5,25464.8,15560.5,105667.7,212362.3,79547.9,205840.8,245683.4,106306.8,13594.3,49215.1,32767.8,65725.5,120224.5,25538.3,25417,85475.5,118927.7,42994.5,52668.4,35615.2,62311.6,85654.1,104323.9,20210.1,44978.7,82995.9,134719.6,161660.5,210307.8,261299.1,130734.5,68390.5,48642.7,94401.9,9937,3291,8825,2108,2588,3489,4240,7427,1508,1844,1479,6442,1733,99.7,98.0,94.86,97.88,104.55,103.44,105.78,103.97,103.09,94.73,98.38,102.52,100.81
60,2015Q1,166465.223479643,1.0738333333333332,11.4641,0.9524333333333334,0.7700999999999999,33.44346666666667,0.7985866666666667,0.7485566666666665,15.537623333333334,3.47,2.57,2.07,1.43,1.63,1.0,1.17,2.23,2.27,3.0,2.57,3.83,2.73,3.33,1.93,1.2,2.37,1.83,3.07,2.5,4.33,4.87,4.93,5.57,5.57,4.17,4361,74890.3,13682.3,62002.3,28219.3,41296,39077,93934.4,102866.1,35064.2,76622.6,15356.5,49898.3,25694.2,15498.9,106049.3,212648.2,80518.7,204525,241045.9,107421.7,13664.1,49815.4,32656,64806.7,118726.5,25530.6,27490.3,85110.6,118898.7,42888,53194.5,33792.7,62843.8,86024.6,104699.2,20243.1,44709.7,75135.1,136209,159819.1,211602.7,262482.2,131526.1,67071.8,49861.3,94743.7,8537,4334,8744,2198,3706,3566,4440,7141,1881,2056,1131,7027,2199,99.31,98.35,88.23,97.38,103.41,103.34,103.02,103.71,101.7,95.04,99.6,102.08,99.97
61,2015Q2,166507.952594821,1.0409333333333335,11.192599999999999,0.9418666666666665,0.7658999999999999,30.656566666666667,0.7765533333333333,0.7323266666666667,15.381016666666667,3.33,2.33,1.83,1.03,1.47,0.83,0.97,2.07,2.1,2.6,2.47,3.57,2.67,3.17,1.83,0.97,2.23,1.9,2.87,2.3,3.4,4.57,3.63,5.1,5.47,3.8,4499.7,75462.4,13579.3,62159.8,28334.8,41759.4,38138,93480.5,103113.2,34356,75693.6,15048,49472,25941.2,15472.6,109971.4,215009.2,80447,207449.3,242329.7,104862.5,13924.1,49580.7,31586.7,63653.9,120360.9,24435.8,27569.7,85408.1,118451.5,42970.3,53562.3,34401.6,62722.5,87666.8,104806.2,20826.4,44100.5,91778,137799.7,159695.1,213048.5,264146.1,131921.1,67348.7,51966.4,96109.5,8153,3259,8096,2074,3016,3600,4525,7319,2028,1783,1635,6433,1471,99.38,97.63,94.38,97.56,103.8,103.29,102.26,103.15,101.5,95.04,99.24,101.64,100.1
62,2015Q3,167139.458162372,1.0729333333333333,11.376100000000001,0.9642333333333334,0.7371666666666666,27.440633333333334,0.78909,0.6995466666666666,15.41389,3.3,2.4,1.9,0.63,1.5,0.77,0.97,2.0,2.13,2.63,2.63,3.5,2.67,3.17,1.83,1.03,2.27,1.33,2.9,2.3,3.2,4.6,3.2,5.13,5.53,3.97,4500.2,75989.8,13384.5,61951.5,28411.2,41717.5,38030.6,92541.8,103155.3,34386.7,75386.1,14964,49804,26154.8,15724.4,109046.1,219076.7,80638.2,204609.3,240882.3,104279.5,14329.4,50616.8,32874.8,62211.6,119324.4,24270,27343.1,85125.1,118269.2,43618.8,54965.8,34354.6,63059.7,86581.8,106028.3,20975.5,44574.3,94404.8,139362.8,160293.4,213418.3,269201.9,133711.5,68901.4,53398.5,94872.2,7647,2211,7619,1832,2272,3661,4735,6467,1764,1673,1699,6691,1225,99.78,97.98,87.68,97.36,101.86,103.04,101.66,102.79,101.14,95.33,98.75,101.42,99.53
63,2015Q4,167630.73768141,1.0846333333333333,11.663499999999999,0.9908666666666667,0.7427,25.763066666666663,0.81597,0.71382,15.514403333333334,3.57,2.7,2.1,1.03,1.73,0.97,1.13,2.33,2.3,2.97,2.87,3.7,2.9,3.27,1.9,0.93,2.5,1.97,3.13,2.47,3.83,4.67,4.37,5.5,5.63,4.23,4447.6,76026.6,13250,61973.2,28316.4,41955.2,37485.2,92866.6,101663.9,33810.1,74171.7,15074.1,50489.5,25840.3,15584.7,103821.2,215084.5,80518.7,203843.5,240049,106613.1,13581.3,50053.1,32496.1,63914.6,121597.5,24117.8,27270.3,85567.4,114480.7,43721.4,55315.9,35049.7,63349.8,88659.5,107419.1,21056,44383.2,85603.9,134920.4,160381.2,216528.9,271659.3,133698.4,68724.5,53125.7,96302.7,7634,2426,6681,2171,1775,3764,4412,6612,2499,1669,1710,6033,2244,98.92,97.48,94.96,97.01,102.2,102.94,100.64,101.27,101.27,95.89,98.1,101.46,99.44
64,2016Q1,168306.515343521,1.0957,11.753633333333333,0.9939,0.7229666666666666,25.462233333333334,0.8621133333333333,0.7168833333333334,15.215703333333332,3.8,2.87,2.27,1.3,1.97,1.13,1.2,2.53,2.47,3.23,3.1,4.03,3.1,3.43,2.03,1.2,2.73,1.9,3.37,2.87,4.03,5.03,4.97,6.0,5.73,4.77,4518.4,74762.6,12655.3,61654.9,27669.2,42196.6,37298.2,90191.3,100931.3,32997,73621.1,14783.6,49407.7,25634.6,15685.1,103366.6,212055.6,80500.6,201125.6,239945.7,105713.4,13759.6,48642.3,31989.8,63328.6,120771.6,23974.9,27451.5,87245.1,114590.6,42590.4,54501.8,36103.4,63012.5,89186.1,106756.6,21142.6,44147.1,72402.7,134216.7,160300,215825.8,273172.5,135749.4,70269.5,53080.1,94336.2,7858,2547,6839,2565,2771,4306,4955,6775,1742,1965,1325,7066,1418,98.68,97.61,89.47,96.76,101.72,102.97,99.19,101.57,100.87,95.86,99.3,100.14,98.98
65,2016Q2,169462.55867943,1.0962,11.818433333333333,0.9704,0.7529666666666667,27.684866666666665,0.8977933333333333,0.7239266666666667,14.861663333333334,3.57,2.6,2.0,0.9,1.7,1.0,1.1,2.27,2.3,2.63,2.83,3.9,2.97,3.23,1.77,1.03,2.43,1.9,3.1,2.5,3.23,4.53,3.6,5.5,5.4,4.33,4476.3,75234.6,12545.7,61523,28056.9,42372.5,36961.3,90811.1,99464.9,32721.4,73135.5,15055.2,49017.7,25535.3,15853.6,107526.7,216899.7,81232,202101.9,238083,103920.1,14641.4,50375,31412.6,62065.3,121874.1,24209.5,27383.4,86716.9,113775.1,41235.9,54206.7,37588.5,63684.8,91273.3,107535.6,21704.1,44661.3,86997.7,137009.1,160284,216505.3,272834.7,136119,70259.9,53310.4,94545.5,8173,2706,7580,1888,2942,4384,4936,7077,1904,1948,1409,7391,1512,99.69,97.36,96.48,97.18,101.03,102.99,100.19,101.62,103.1,95.86,98.95,100.05,99.71
66,2016Q3,170252.603488547,1.0888333333333333,11.448966666666665,0.9755666666666666,0.7482000000000001,30.050233333333335,0.9527333333333333,0.73988,14.638763333333332,3.53,2.57,1.93,0.83,1.6,0.9,1.17,2.3,2.3,2.67,2.83,3.67,2.97,3.23,1.77,0.97,2.4,1.23,3.0,2.33,3.1,4.6,3.17,5.73,5.47,4.6,4501.1,74514.7,12638,62330.3,27428.2,42851.7,37036,90716.2,98403.1,32353.9,73417.8,14777.8,49092.6,25825.8,16118.4,108663.5,216791,82087.1,202649.9,240691,104603.4,14716.2,50939.3,31758.9,62935.9,119215.6,24508.3,27207.4,85715.2,112968.3,41987.6,55275.3,36783.7,63877.5,92101.1,109197,21608.4,44820.1,94008.8,137433.2,160169.2,217254,277972,137785.8,70813.5,53409.5,95052.6,8160,2359,8356,2031,2990,3641,4677,7177,1612,1863,2067,7055,2102,100.83,97.31,89.51,97.31,99.94,102.58,99.33,101.27,103.44,96.24,98.69,99.64,99.36
67,2016Q4,169654.985019785,1.0798666666666668,11.073500000000001,1.0006000000000002,0.7498333333333332,30.350566666666666,0.9165766666666667,0.7502733333333333,14.664313333333334,3.7,2.8,2.03,1.13,1.8,0.97,1.17,2.37,2.37,2.8,3.03,3.9,3.0,3.3,1.73,1.2,2.5,1.83,3.2,2.4,3.63,4.77,4.07,5.97,5.47,4.77,4466.4,75075.6,12467.2,61778.2,27324.3,41970.2,36852.5,89273.6,96583.5,31526,72998.5,14703,49115.3,25651.3,15897.7,103134.7,215832.2,81559.9,200205.3,242787.9,107527.5,14666,50561.3,31516.2,64625.2,118623.3,24566.4,26835.2,87412.1,110684.4,42461.4,55710.1,37188.2,64185.9,94172.6,109679.7,21785.1,45705.6,82701.9,137104.5,160695.2,220326.6,280166.2,139400.3,71881.3,52167.7,96065.3,8981,2054,7537,2372,2120,4491,4416,6979,1293,1760,1285,7279,2075,99.75,97.38,94.66,97.8,99.59,102.35,99.17,100.35,101.52,96.43,98.09,99.65,99.26
68,2017Q1,169623.814832006,1.0692666666666666,11.2515,1.0041333333333333,0.7588333333333334,31.93133333333334,0.8832599999999999,0.7607333333333334,14.584746666666666,3.7,2.9,2.03,1.4,1.97,1.03,1.2,2.47,2.5,2.8,3.07,3.93,3.07,3.63,1.9,1.27,2.6,1.7,3.27,2.5,3.8,4.8,4.47,6.37,5.27,5.17,4515.3,74869.9,12295.3,61183.2,27793.5,43183.4,36379.5,88850,95634.6,31556.8,72379.5,14841.2,48718.1,25059.4,15773.2,103861,212501.5,80685.3,200874.8,235426.6,106276.6,13858.4,51111.5,31075.2,62847.7,117699,24821.8,26378.6,85796.9,109781.7,42221.2,56761.1,37888.5,64722.2,93914.3,109598.2,21673.7,44240.4,75033.9,136550.8,159677.2,220550.6,280783.1,140099.7,72212.7,52624.6,96493.2,9842,3249,8082,2938,3325,4358,5765,7312,1699,1983,1591,7438,1760,99.78,97.6,90.52,98.18,99.0,102.32,101.11,99.98,101.68,96.43,99.55,99.31,99.5
69,2017Q2,169807.024642088,1.0831666666666666,11.186000000000002,0.9852333333333333,0.7328666666666667,30.7094,0.88706,0.73983,14.3677,3.33,2.53,1.8,0.97,1.67,0.83,1.03,2.1,2.3,2.33,2.7,3.57,2.83,3.27,1.7,0.9,2.3,1.63,3.0,2.1,3.13,4.2,3.2,5.47,4.93,4.47,4532.3,74550.6,12181.4,61103.4,27647.8,43641.9,37547.4,88639.9,96453.9,31027.3,72473.1,15034.8,48418.2,25342.6,16057.4,108073.3,217559.1,79831.2,202712.1,232465.7,105470.8,14248.1,51227.3,30477.1,62715.2,119317.4,24587.4,26601.3,86436.2,108419,42132.7,56633.7,37543.6,65426.8,94719.5,109964.9,21480.4,46107,91828.1,135681.3,160826.4,220216.5,279959.1,140653.2,72464.5,54333.6,94758.6,10281,2935,8984,3328,3235,4167,5131,6807,1825,1837,1242,6794,2978,99.72,98.01,98.38,98.22,99.32,102.27,101.44,99.57,104.05,96.43,99.5,99.35,100.08
70,2017Q3,171805.719999635,1.1306,11.830733333333333,0.9625666666666667,0.7676666666666666,30.411266666666666,0.8671466666666666,0.7597133333333334,14.444166666666666,3.23,2.4,1.7,0.6,1.6,0.77,1.0,1.83,2.23,2.6,2.57,3.4,2.77,3.0,1.73,0.77,2.23,0.97,2.83,2.03,2.97,4.13,2.77,5.17,4.93,4.5,4549.3,75554.8,12412.8,61332.2,27804.3,44048.1,37745.3,88376.1,96141.3,30898.9,72783.6,15516.4,48625.9,25273.7,16110.2,109943.7,217738.9,79754.6,202964.2,235046.9,104917.3,14274.1,51566.8,30604.6,62268.1,120644.3,24710.6,26851.2,88333.3,108023.7,42345.2,57889.3,38924.4,63798.7,94972.5,111309.6,21882.6,46280.1,96259,138815.2,161967.4,222357,282054.7,142588.3,74042.2,56842.3,97521.1,10543,2920,7061,2852,3612,3428,5089,8168,1921,1897,1537,6795,2215,100.91,97.9,92.29,98.5,98.07,102.21,100.3,99.49,104.52,97.22,98.89,99.45,99.84
71,2017Q4,173621.098749493,1.1624999999999999,11.865366666666667,0.9868333333333333,0.7765000000000001,30.36883333333334,0.8741,0.7585899999999999,14.927373333333334,3.3,2.33,1.77,0.93,1.77,0.9,1.1,1.93,2.27,2.77,2.63,3.47,2.8,3.03,1.7,0.9,2.27,1.7,3.03,2.13,3.37,4.07,3.5,5.2,4.97,4.43,4497.4,74788.7,12262.1,61106.9,28055.9,44055.2,37201.8,88037.3,97728.2,30942.3,72743.1,15437,48120.8,25043.3,16105.5,106723.6,216480.7,79584,199759.2,234827,108753,14512.3,51836.9,30324.7,63379.9,122514.4,24825.3,26721,91351.7,105981.3,42077.5,57794.1,38486,64401,95318.9,112467,21959.4,45302.9,84363.9,137140.3,162831.4,227867.8,283565,143694.7,74767.5,56692.8,97321.2,11019,3305,7535,2729,2927,3897,5740,8795,2516,1839,1429,6923,2765,100.19,97.93,99.45,98.85,98.56,102.12,100.84,99.32,102.69,97.73,98.52,99.6,100.02
72,2018Q1,175172.731363573,1.1650333333333334,11.681700000000001,0.9476000000000001,0.7496333333333333,29.161166666666663,0.87527,0.74505,14.90249,3.2,2.27,1.97,1.03,1.67,0.8,1.17,1.83,2.27,2.93,2.73,3.57,2.83,3.4,1.57,1.3,2.23,1.57,3.03,2.33,3.5,4.27,4.0,5.43,4.87,4.4,4476.3,74547.3,12394.5,59976,28092.4,44076.7,37031.5,88863.5,100381.6,30318.8,72940,15602.6,49086.6,25073.2,16444.6,106056.9,216271.5,80049.1,199435.2,231616.7,109224.6,15354.2,52499.9,30408,63857.1,123359.9,25069.8,26459.7,92555.9,105449.2,41360.5,58661.5,40072.3,65699.5,97466.9,111079.8,22486.4,46970.2,84526.8,137623.6,161728.9,226911.2,287993,144369.6,75761.1,56609.7,97841.9,12623,4825,7854,3340,3756,3984,4859,9370,2918,2390,2435,8294,3130,100.3,98.18,94.63,99.33,97.82,101.17,102.31,99.13,103.79,97.73,100.19,99.64,100.21
73,2018Q2,178229.626623602,1.1740966666666666,11.360323333333334,0.9846633333333333,0.7627866666666666,27.396876666666667,0.90275,0.7453333333333333,15.438626666666666,2.43,1.73,1.7,0.63,1.23,0.63,0.8,1.6,2.03,2.4,2.23,3.2,2.2,2.97,1.4,1.03,1.87,1.47,2.43,1.87,2.53,3.37,2.7,4.6,4.17,3.63,4487.6,74482.3,12483.1,59826.1,28602.2,44290.8,37243.5,89528.7,102223.9,30617.4,72783.4,15925.9,49912.9,25248.4,16517.3,110702.1,218924.1,80922.2,198118.9,232275.1,104510,15463.6,52592.6,31040.9,63089.5,127262.5,24652.3,25805.9,93322.1,104861.7,41108.2,58117.5,39565.9,65628.5,99627.4,112585.9,22888.8,46675.4,98839.1,140486.2,162149.5,227913,289029,143373.8,76716.9,57251.1,99309.9,14111,4996,9460,3110,4134,5477,5183,9400,2720,1982,2209,8431,2297,101.41,98.63,99.22,99.6,98.3,100.72,104.79,99.99,106.75,97.73,99.62,99.95,101.06
74,2018Q3,177929.2235387,1.1437566666666668,10.991526666666665,0.9836966666666666,0.75228,24.924149999999997,0.88241,0.7189933333333333,14.4502,2.27,1.7,1.57,0.53,1.2,0.6,0.93,1.67,2.07,2.4,2.0,3.07,2.0,3.07,1.43,0.8,1.9,0.83,2.37,1.83,2.53,3.37,2.37,4.2,4.1,3.5,4470.7,75672.8,12490.2,59829.7,28724.7,44289.8,37491.2,91096.8,104282.8,30330.7,73325.7,15715.4,49274.5,25462.9,16620.8,110462.6,223926.5,81555.4,197168.9,232732.2,104900.1,15440.8,53217.1,31096.4,62580.5,131181.5,24755.6,26174.8,92481,105486.2,40674.1,57997.1,39548.6,66775.1,100725.8,113772.8,23928.6,48171.9,100485.7,143587.6,162559.6,227806.6,292045.7,144433.3,77641,56950.1,100984.1,13279,4708,9132,3803,4586,4812,5226,9967,2532,2211,1782,7980,2231,102.28,98.71,93.78,99.86,97.68,101.48,103.78,100.21,106.32,98.18,99.74,99.85,100.97
75,2018Q4,178519.582806216,1.1360933333333334,11.010653333333332,0.9956066666666666,0.7540366666666666,26.11234333333333,0.8825433333333333,0.7147633333333333,14.395850000000001,2.3,1.83,1.6,0.9,1.27,0.73,1.03,1.57,2.1,2.57,1.97,3.13,1.93,3.2,1.6,0.8,1.93,1.47,2.47,1.97,3.0,3.53,3.03,4.0,4.1,3.53,4397.6,75359.5,12643.7,58968.7,28801.2,44061.2,37429.3,90791,105269.4,30178.1,73416.6,15718.8,49381.1,25103.4,16674.7,105199.6,218833.6,81932.6,197066.7,233298.8,108823.1,15298.6,53095.3,30612.6,62655,127112.3,24111.1,26082.1,95776,104738.5,40684.8,57737.3,39447.4,68194.8,100559.1,113778.3,24015.2,47752.9,90116.6,145753.5,163253,230724.3,296529.1,144442,78279.8,57220.5,101732.2,14063,5573,8795,3633,3805,5483,5156,10036,1880,2455,2222,8968,3076,101.67,98.53,99.18,100.28,99.21,101.4,103.6,100.59,103.21,98.36,98.96,100.09,100.92
76,2019Q1,178429.161000533,1.1325466666666666,10.867859999999999,0.9971166666666668,0.7504633333333333,26.503823333333333,0.9052033333333332,0.7103333333333333,14.783843333333332,2.33,2.0,1.83,1.27,1.27,0.83,0.97,1.57,2.17,2.77,2.07,3.3,2.03,3.3,1.63,1.2,2.0,1.27,2.63,2.1,3.2,3.73,3.43,4.03,4.23,3.53,4413.4,76311.7,12475.7,58187.7,28678.8,44051.8,36910.3,91905.9,105576.1,30149,73448.6,15854.1,49748.9,25273.2,17681.9,105109.5,221263.9,80915.6,198860.5,229628,110273.9,15495.3,53246.3,31003.9,62826.3,128886.9,24416.4,27338.1,96197.8,104545.6,40629.1,57972.3,40195.4,69987.6,102045.3,113959.2,24540.2,47998.3,86459.3,146620,163142.6,229409.6,296881.2,146179.1,79550.6,57479,102237.2,14780,4832,8625,3907,4788,5629,5505,10035,1943,2895,2135,10524,2998,101.42,99.04,95.36,99.93,98.99,101.13,103.45,100.83,103.79,98.36,100.75,99.96,100.84
77,2019Q2,179112.501281837,1.1262800000000002,10.611963333333334,1.00207,0.7490233333333333,25.575940000000003,0.9121533333333334,0.7014133333333333,14.686546666666667,2.03,1.7,1.6,1.0,1.07,0.7,0.73,1.37,1.87,2.27,1.73,2.93,1.83,2.77,1.53,1.07,1.8,1.2,2.37,1.77,2.53,3.2,2.4,3.3,3.93,3.13,4328,76006.6,12490.4,57998.5,28950.7,44156.8,36894.8,92060,107322.7,30040,73836.7,15815.7,50354.9,25372.5,17826.2,110140.3,224339.6,80868.4,198801.7,231418.6,106611.7,15559,53623.7,31430.1,63290,132998.6,24207,26743.9,96650.6,104378.1,41017,57675.9,39797.5,68820.4,102672.6,115008.6,25202.8,47990.4,93937.6,147350.4,162417.5,229144.5,296671.4,146762.8,79404.8,59137.5,103340.5,14494,5824,9658,4800,6578,5634,5586,11371,2947,2853,2216,11293,2605,101.93,98.95,101.74,100.11,100.27,100.92,106.09,101.75,106.68,98.36,100.33,100.25,101.72
78,2019Q3,179450.73433809,1.0959333333333332,10.276846666666666,0.9855766666666667,0.7463433333333334,24.825676666666666,0.9188299999999999,0.6754000000000001,14.03919,2.0,1.63,1.47,0.9,1.0,0.6,0.7,1.23,1.87,2.27,1.73,2.77,1.73,2.6,1.5,1.0,1.7,0.73,2.33,1.77,2.47,3.27,2.13,3.2,3.8,3.3,4444,77710.1,12629.9,57728.8,28994.7,43719.8,36729,92316.9,108668.9,30298.7,73495.8,16199.2,49768.8,25740.7,17784.3,112535.1,225495.7,81439.9,202149.8,228659.2,106618.2,15764.5,53614.1,31757.6,62858.9,134075.3,24331.1,26491.5,101688.4,104847.2,41635.2,57941.3,40603.6,68570.6,102728.4,115812.6,25580.3,49501.1,100850.7,147628.5,164505.9,230507,297160.3,146424.3,79718.1,59622.5,100696.8,13250,5172,10086,4500,6286,5853,5657,11184,2377,2605,1383,10274,2851,102.15,99.9,95.85,100.2,100.16,100.95,103.98,100.15,105.34,98.96,100.43,100.73,101.23
79,2019Q4,180356.803175254,1.0962433333333335,10.299876666666668,0.9900733333333335,0.7499066666666666,24.036233333333332,0.9108366666666666,0.6765599999999999,14.055326666666668,2.13,1.8,1.6,1.13,1.1,0.73,0.9,1.33,1.9,2.57,1.93,2.9,1.83,2.87,1.63,1.07,1.83,1.4,2.5,1.93,2.97,3.4,2.93,3.5,3.8,3.77,4373.4,76650,12753.8,57432.4,29261.4,44256.1,36810.3,93184.9,105971.1,28943.2,72868,16355.2,49247,25733.3,17831.4,105389.1,227316.6,81100.5,199905.3,231907.3,110210.8,15734.6,53695.4,31687.3,63038.1,135972.5,23778.5,26454.9,102912.1,103812.1,41292,58706,42267.9,70472.8,102241.9,114847.8,25888.9,49687.9,87695.3,146352.6,165343.5,236417,300022.5,146474.7,79571.2,57244.2,101165.5,12883,4429,9343,5531,5068,5985,5355,11228,2351,2852,1871,11588,2359,100.6,99.28,101.37,100.37,100.12,100.82,102.67,100.25,102.82,99.25,99.48,100.99,100.85
80,2020Q1,177076.658717997,1.0668133333333334,10.008356666666666,0.9677533333333334,0.7214066666666668,21.87138,0.8884566666666666,0.6375366666666668,13.871783333333333,2.5,2.13,1.87,1.33,1.27,0.9,1.13,1.67,2.1,2.93,2.4,3.4,2.13,3.33,1.93,1.27,2.2,1.53,2.83,2.3,3.63,4.0,3.57,4.17,4.1,4.0,4420.3,77033.7,12676.9,56700.1,29338.3,44381.2,36427.4,92742.1,105552.9,28525.6,73231.8,16186.8,50720.7,26002.7,17618.6,106087.3,225290.5,81292.7,200871.7,227358.3,108387.6,15973.6,53856.3,32573,61426.8,125397.4,24331.7,25459.1,105181.6,104083.6,39972.8,59062.1,42843,70191.6,103752.2,115420.4,25850.3,50528,81292.7,146299.8,165137.8,240561.5,299679.1,148222.8,81216.8,58631.7,99443.5,10402,4333,7188,4299,2652,5662,4599,9693,2163,2410,1899,11074,2622,100.54,99.95,97.29,100.27,99.81,100.29,102.69,100.9,102.14,99.25,101.54,100.18,100.71
81,2020Q2,164710.447798781,1.0609666666666666,9.957376666666667,0.9642499999999999,0.6956333333333333,17.954716666666666,0.8969833333333334,0.6332433333333333,13.601623333333334,3.17,2.63,2.37,1.73,1.6,1.4,1.63,2.3,2.6,3.37,2.93,4.03,2.77,3.63,2.3,1.23,2.73,3.03,3.47,2.67,3.97,4.83,4.27,4.8,5.03,4.47,4416.2,77005.8,12441.4,56005,28878.9,44638.2,36356.8,91784,105381.3,28253.5,72660.9,15141.3,50653.8,26299.2,17469.4,109689.4,226373.6,80604.9,198862.7,230447.3,104585.1,15743.5,53446.2,33236.8,56629.5,119089.9,24067.6,25054.8,104812.8,104074.7,40665.1,59061.2,43908.2,69972.9,104062.2,114655.9,26173.4,50578.6,81054.1,146337.8,165609.3,239224.7,304031.3,149141.7,81314.4,57468.3,99753.3,8637,4477,6245,2535,2935,4722,3914,10000,1652,2415,1818,9151,2233,102.5,100.09,101.13,99.87,98.86,100.17,100.0,100.82,101.88,99.25,100.28,100.29,100.47
82,2020Q3,176627.492129306,1.0752366666666666,10.376456666666668,0.9196866666666667,0.6904433333333334,17.106566666666666,0.8667433333333333,0.6577000000000001,13.297133333333333,3.2,2.6,2.4,1.3,1.53,1.3,1.43,2.23,2.67,3.43,3.07,4.1,2.67,3.7,2.23,1.07,2.67,1.4,3.57,2.57,3.5,4.63,3.33,5.13,5.17,5.03,4452.7,77036,12296.5,56255,28220.4,44767.3,36398.7,90271.4,104027.2,27755.2,72552.4,15831.9,51369.9,26689.5,17359.2,110876.5,227720.7,81050.1,200282.1,232075.1,104588.1,15738.3,53349,32829.6,58549.6,120926.8,24131,25127.6,106459.6,105638.8,41502.7,60571.2,45059,70168.1,106064.1,116097.4,26711.3,49093.7,92479.6,145981.1,167625.7,238340,309114,150350.2,80831.2,57715.1,101723.2,9845,5781,7783,2953,3338,4559,3977,9771,1976,2667,1536,10683,2435,102.6,100.58,95.94,99.84,99.58,100.07,99.65,100.39,102.36,99.75,100.72,100.22,100.36
83,2020Q4,177650.578673171,1.0778433333333333,10.496726666666667,0.90417,0.6936233333333334,16.73059333333333,0.8655833333333334,0.6606500000000001,13.650926666666665,3.33,2.8,2.43,1.53,1.57,1.37,1.67,2.37,2.8,3.57,3.17,4.17,2.7,3.83,2.17,0.9,2.7,2.0,3.63,2.63,3.7,4.67,3.97,5.1,5.3,5.4,4300.6,77458.7,12167.4,56233.4,28175.3,44855.5,36240.6,88537.4,104432.4,27220.6,72084.9,15771.2,50477,26739.5,17256.8,105002.8,224895,80538,198582.2,237035,111524.2,14870.8,53308.2,32687.8,58521.2,115087.4,24331.5,25057.1,108189.9,105227.7,41668.5,61757.5,44127,69333.8,107805.5,116142.8,26976.3,49362.7,80004.8,140812.6,168898.9,242445.8,312538.3,150073.6,82223.7,57336.7,103301.3,9936,4132,7692,3916,1170,4638,4151,11036,1898,2639,1561,11214,1835,100.85,100.36,101.13,99.83,99.77,100.13,99.53,99.98,100.84,100.0,100.11,100.22,100.15
84,2021Q1,179078.732931708,1.0903633333333334,10.77822,0.9044433333333334,0.7142266666666668,16.549363333333332,0.85378,0.6990333333333333,13.960120000000002,3.53,2.93,2.63,1.67,1.63,1.37,1.83,2.5,2.9,3.73,3.43,4.43,2.87,4.03,2.27,0.97,2.87,2.0,3.97,2.93,4.03,4.83,4.4,5.2,5.53,5.6,4465.2,75684.3,11976.6,55472.1,28273.4,44890.2,36305.6,88260.1,103577.9,26955,71245.8,15658.1,50796.6,26844,17188.5,104866.1,222218.9,79594.9,198035.7,229897.7,108671.2,14554.8,52815.2,32526.8,56101.3,111552.5,23745.2,24874.9,108568.3,105347.3,41810.2,62164.3,44354.6,69004.3,107223.4,115641.9,28008.8,49953.7,78608.3,140406.8,170390.1,243758.1,311971.1,148628.6,82376.6,57793.5,103485.9,11946,5966,7362,2831,3469,4464,4438,10313,2103,3237,2474,10389,2754,99.77,100.15,96.21,100.5,99.64,99.98,101.81,99.97,100.04,100.0,101.12,100.46,100.28
85,2021Q2,184991.848946394,1.0980100000000002,10.82902,0.9106566666666667,0.7412766666666667,17.20612,0.83251,0.7015399999999999,14.104286666666667,3.03,2.5,2.2,1.2,1.3,1.13,1.4,2.1,2.57,3.07,2.97,4.03,2.6,3.33,2.07,0.87,2.5,1.9,3.57,2.47,3.1,4.17,3.27,4.37,5.1,5.0,4246.8,76510.4,12049.7,54722.6,28536.4,44315.8,36735.6,87187,104040.9,26914,71511,15321,51495,26908.3,17225.4,109794.2,223894.3,79594.4,195439.3,229246.6,104401.3,14566.4,53097,32377.2,55645.2,110786.6,23761.3,25556.7,108490.1,105536,41254.7,62892.5,45178.2,68886.2,107776.4,116881.9,29823.4,51175,101704,141930.1,169776.3,242146.4,310418.3,148321.6,83403.5,57324.4,105997.3,14160,6110,10236,3988,5919,5126,5286,13267,2571,3066,2868,11544,2613,100.17,100.31,101.4,101.06,101.24,99.85,103.85,99.65,100.95,100.0,101.74,100.47,100.97
86,2021Q3,189482.459856179,1.0824566666666666,10.616296666666667,0.9181833333333334,0.7291500000000001,17.57941,0.8340433333333334,0.6748433333333334,14.193959999999999,2.6,2.17,1.8,0.8,1.07,0.8,1.07,1.83,2.3,2.73,2.67,3.63,2.37,3.07,1.7,0.6,2.2,0.93,3.2,2.2,2.83,3.83,2.5,4.07,4.83,4.6,4201.5,77255.7,11870.1,55816.9,29037.8,43585.5,37315.8,89001.5,105000.9,27578.6,72524,15210.7,51673.1,27186.5,17468.5,111493.5,229482.5,80206.9,196014.4,233494.1,108445.5,14633.2,54492.4,32023.9,58546.7,122740.4,24096.7,25176.3,110546.2,106419.2,41188.1,64582.1,46618.2,68310.3,111743.5,118430.5,30986.8,52811.8,100475.4,144187.5,172015.2,243028.4,320255.6,149204.1,83500.2,58962.7,108238.7,16092,6863,10368,3692,6773,6159,6368,14132,3728,2934,2472,13536,4029,100.92,100.68,95.01,101.59,101.1,99.74,105.26,99.56,101.54,100.45,101.9,100.19,101.19
87,2021Q4,190947.587508299,1.0547733333333333,10.419816666666668,0.9221,0.73185,16.524469999999997,0.8111666666666667,0.6721066666666666,14.425153333333334,2.33,2.07,1.63,0.97,1.0,0.8,1.03,1.73,2.07,2.67,2.57,3.33,2.17,2.87,1.5,0.63,2.03,1.4,2.97,2.17,3.03,3.6,2.9,3.8,4.43,4.47,4459.3,78720.4,11490.9,56060.9,29202.7,44126.5,37417.6,88551.9,104843.8,27119.1,72228,15178.3,52273.7,27013,17647.5,105699,227766.9,80563.6,195364.8,238339.9,113715.7,14343.9,54774.5,31925.3,61582.7,119391.1,24270.8,25001.5,110417.6,106921.1,41490.1,65646.5,46683.5,69887.3,113920.2,117359.7,30991.5,53157.9,91495.7,145688.1,172637.8,245703.8,323210.6,148079.6,84461.7,59257.4,109666.6,16670,6091,11692,3567,5875,6650,6665,15498,3663,3314,2201,16204,3874,99.16,101.11,101.09,102.56,101.73,99.61,107.03,99.66,101.36,100.67,101.6,100.38,101.59
88,2022Q1,193897.46702284,1.0369566666666667,9.897319999999999,0.9236700000000001,0.7292666666666667,17.662193333333335,0.7948866666666667,0.66861,14.550206666666666,2.23,2.0,1.63,1.03,0.97,0.67,1.0,1.5,1.9,2.7,2.63,3.37,2.13,2.8,1.53,0.57,2.0,1.2,2.97,2.27,3.1,3.57,3.07,3.67,4.27,4.07,4517.4,77267.3,11175.6,56241.4,29563.3,44467.1,38138.9,88981.3,106630.9,27068.1,71823.3,15362.7,53146.1,26990,17798.4,107045.9,228330.5,81070.8,197391.3,232239.8,113838.5,14078.2,55820.9,32773.7,60889,123639,24470.1,25133,112212.3,107293.4,41169.8,66009.7,46544.3,69596.7,112566.4,119088.2,32090.1,52263.2,88207.1,146784.2,170919,246764.9,325082.7,149254.1,85141.3,61344.7,109662.8,19146,7694,13124,3968,11869,6877,7393,16786,4036,3081,2434,17844,4063,98.9,101.39,96.73,104.05,103.24,99.45,109.62,99.82,101.98,100.67,104.1,100.39,102.35
89,2022Q2,198101.93773379,1.0275266666666667,9.814536666666667,0.96459,0.75581,19.63256,0.74384,0.6895899999999999,14.594646666666668,1.83,1.63,1.37,0.93,0.77,0.63,0.77,1.33,1.77,2.23,2.23,3.1,1.9,2.43,1.27,0.5,1.67,1.07,2.6,1.93,2.4,3.13,2.1,2.9,3.87,3.73,4491.6,77998.3,11438.6,55879,29166.8,45702.5,38277.6,89739.5,107386.1,26848.2,71455.1,15275.8,53263.9,27315.8,18019.1,109202,229173.1,81352.4,198751.4,230593.2,109761.9,14887.2,56731.7,31701.7,62895.6,131243.6,24819.5,24703.8,116021.8,106350.4,42276.2,66751.9,46639.2,70171.4,113324.2,119115.8,32433.6,51070.8,97789.4,150425,169851.3,245908,326506.7,149691.2,86291.2,62481,111684.7,20042,8744,15356,4997,8500,8298,8281,17243,3971,3499,2814,18900,4999,101.07,102.0,103.16,105.4,106.24,99.4,115.42,100.03,103.32,100.67,103.01,100.66,103.96
90,2022Q3,199142.960294558,0.97361,9.166123333333333,0.9665466666666666,0.7404100000000001,18.427846666666667,0.6991833333333334,0.6603033333333334,14.107579999999999,1.63,1.47,1.17,0.63,0.73,0.6,0.57,1.23,1.63,2.1,2.03,2.87,1.77,2.37,1.17,0.5,1.53,0.63,2.37,1.8,2.37,3.1,1.87,2.77,3.73,3.63,4450,78139.8,11322,56323.7,28477.6,46905.1,38627.9,89665.5,109517.7,27037.7,73621.8,16030.3,53376.7,27954.3,18053.3,110674.4,233219.7,80324.3,199771.7,230222.2,109316.4,14803.7,58100.3,32514.1,64271.8,132528.8,25018.2,24671.7,120746.2,107580.7,41726,67886.8,45307.6,71392.1,118617,121462.8,32785,51628.8,100825,152617.9,170881,248353.2,329438.8,150601.8,88313.7,60822.2,110469.8,19976,8018,15922,5296,7783,7493,7959,17813,4117,3720,2754,17533,3803,103.35,102.41,98.2,106.22,106.58,99.38,116.52,99.97,103.17,100.86,104.64,101.61,104.61
91,2022Q4,199885.653410803,0.9832766666666667,8.990883333333334,0.9645233333333333,0.7102533333333333,18.333399999999997,0.6819533333333334,0.63301,13.551303333333331,1.63,1.5,1.23,0.7,0.7,0.6,0.77,1.27,1.57,2.13,1.97,2.87,1.73,2.43,1.2,0.4,1.53,1.1,2.23,1.8,2.67,3.17,2.33,2.77,3.77,3.53,4392.9,77411.4,11621.5,55555.2,27690.9,47816.3,37435.5,89945.3,110386.7,26892.5,74519.8,15999,53489,28093.3,18235.4,106550.2,234486.8,78990.1,201598.8,231327.1,115451,14681.2,58563.5,33160.2,64357.9,133945.1,25285.7,24492.9,120593.6,108832.6,41843.8,68655.4,44875,71450.4,120855.3,121507.4,32324,51553.9,92534,151287.6,171671,252290.1,332450.5,150758.9,89768,61280.1,110424.3,19526,7298,16694,4490,7802,7045,7252,17751,4599,3275,2101,17414,4099,103.33,102.65,103.49,107.0,107.39,99.23,113.58,96.67,103.21,100.95,103.56,102.47,104.57
92,2023Q1,200851.478527305,0.9923700000000001,8.861130000000001,0.9246333333333334,0.6841266666666667,17.815283333333333,0.69894,0.63289,13.51546,1.77,1.57,1.33,0.83,0.8,0.6,0.77,1.5,1.63,2.33,2.07,3.07,1.9,2.6,1.23,0.6,1.57,1.07,2.37,1.97,2.8,3.37,2.57,2.8,3.77,3.57,4393.5,77777.6,11529.7,56338.7,26805.4,48622.4,37647.4,90764.3,110575.1,26120.8,74856.4,15977.3,53618.5,28652.9,18367.2,105976.9,233887.2,80160.1,202741.2,231698.8,117239.7,14998.3,59223.8,32549.6,63936.7,135056.6,25038,24365.5,124549.4,108847.2,42075.7,70302.4,43318.1,72601.6,122068.6,120367.7,32554.4,51055.4,88394.3,156160.8,171487.9,252948.3,332217.6,152480.6,89555,60935.5,110553.9,20913,8932,14107,5065,7863,6689,6665,18378,4832,3624,2402,20323,3889,104.98,103.6,100.09,108.95,107.72,99.08,113.54,96.93,104.77,100.95,107.16,103.21,105.62
93,2023Q2,200179.19781264,0.9787133333333333,8.543616666666665,0.8985,0.6690366666666666,18.151116666666667,0.65503,0.6004766666666667,12.815406666666666,1.63,1.37,1.2,0.7,0.7,0.6,0.6,1.37,1.57,2.0,1.87,2.93,1.73,2.33,1.1,0.47,1.47,0.97,2.17,1.77,2.17,3.07,2.0,2.5,3.6,3.2,4337,77853.4,11613.5,56424.6,25901.9,49430.7,37850.5,91485.6,113136.4,25953.7,75589.5,16254.2,53909.6,28348.7,18546.3,108054.9,234428.6,80263.9,204655.4,229588.2,112565.1,15575.9,59808.2,31057.9,67207.4,134351.3,24760.2,24226.6,125373.1,109278.7,43136.2,70114.2,44156.5,71203.8,120609,121267.2,32989.6,53389.3,102656.5,161891.3,172279.3,250138.1,333934.6,153032,91000.6,60887.9,111207.9,22058,8032,14906,5009,7118,5985,6726,16351,4984,3828,2547,20750,3635,106.42,103.62,105.41,108.8,109.14,99.05,114.23,96.98,107.37,100.95,106.28,103.6,106.19
94,2023Q3,201058.008324213,0.96138,8.171503333333332,0.8835999999999999,0.6587166666666667,18.09035,0.6114466666666667,0.57824,12.190226666666666,1.73,1.3,1.1,0.67,0.77,0.53,0.6,1.2,1.7,2.0,1.87,3.0,1.73,2.5,1.07,0.57,1.5,0.63,2.1,1.77,2.13,3.27,1.97,2.57,3.73,3.23,4305.1,77842.1,11372.9,55767.5,24844.5,49685.4,37757.1,92084.2,114017.3,26508.9,76438.7,16167.9,54596.7,28803.1,18589.5,108142.3,236721.2,79963.8,204829.7,231045,112373.3,16164.5,60759,30613.3,65665.6,138876.7,25116.3,24241.1,124899.5,109866.6,44480.7,71414.1,45548.9,71412.4,122582.5,121028.1,32242.4,52328.8,95307.3,164403.9,174262.4,253180.8,335992,154376,94718.2,61012.3,109917.3,18471,7421,14673,5104,6574,5793,6237,15953,3841,3532,2251,17466,3872,107.9,103.63,100.6,109.33,108.41,99.04,113.32,97.21,106.28,102.15,107.63,104.12,106.29
95,2023Q4,201889.929530342,0.95419,8.322420000000001,0.8872266666666667,0.6513633333333334,17.896853333333336,0.60003,0.57729,12.277523333333335,1.9,1.53,1.3,0.93,0.83,0.63,0.73,1.13,1.83,2.17,2.03,3.3,1.9,2.63,1.23,0.5,1.6,1.13,2.27,1.93,2.63,3.43,2.63,2.87,4.03,3.6,4230.1,77955.1,11352.6,54082.5,24010.1,51159.5,37120.7,91883.4,113037.9,26999.4,75866.9,16114.5,55362.8,29370.5,18563,104016.2,234829.2,79980.2,203229.3,234381.2,117011.6,16087.5,60816.2,31606.6,67513.8,134311.9,25608.5,24149.9,125175.4,109511.1,43166.4,71943.7,44381.9,72789.2,126148.6,121615.1,32271.3,50776.7,93999.7,164108.4,174943.2,259691,340393,155677,98467.1,59208.9,109647.9,16562,8006,13763,4602,5300,5214,6341,15326,3359,3567,2468,18982,4083,106.71,103.82,105.18,110.2,107.77,98.95,112.66,97.43,105.6,102.75,106.39,104.28,106.26
96,2024Q1,204951.354041448,0.94924,8.414946666666667,0.8744999999999999,0.6484866666666668,17.662263333333332,0.5888633333333333,0.5748133333333333,12.163453333333331,2.1,1.77,1.5,1.13,0.97,0.8,0.8,1.4,2.07,2.47,2.27,3.83,2.2,2.83,1.43,0.67,1.8,1.03,2.6,2.23,2.93,3.77,2.93,3.27,4.3,3.9,4238.1,78194,11208.3,54432.6,23527.5,53114.2,36831.7,90875.5,114114.2,26796.4,75685.6,16416.8,55760.8,29658,18575.8,102893.9,234076.5,80434.3,204114.5,231974.6,117273.4,16238.5,61011.5,31494.2,67287,136249.8,25428.7,23899.2,126308.4,109863.5,43368.8,73184.1,47779.2,72044.9,122667.3,121293.8,32010.9,51253.6,96803,160043.4,175564.4,258773.2,343419.4,155550.2,97926.9,59164,109667.3,15930,7941,13181,4547,5909,6448,5867,14909,4276,4032,3256,19788,4472,105.93,104.49,100.22,112.12,106.7,98.68,112.84,97.6,106.65,102.75,109.54,104.49,106.85
97,2024Q2,206571.017428438,0.97356,8.468733333333335,0.90426,0.6608999999999999,17.35578,0.5803133333333333,0.5961666666666666,12.484783333333333,2.07,1.63,1.5,0.9,0.9,0.7,0.83,1.27,2.03,2.23,2.2,3.67,2.2,2.5,1.3,0.63,1.7,1.03,2.53,2.1,2.4,3.63,2.47,3.3,4.17,3.93,4362.3,80027.4,11558.5,54239.4,23528.2,53268.8,36853.2,90382.6,114791.1,26394.1,76007.8,16692.3,55256.9,30348.2,18734.5,104458.1,237225.6,80467.1,202478,232070.6,116177,17491,61660.2,30296.7,66166.5,136060.2,24948.8,23949.5,126680.7,110626.6,43719.4,72437.4,48506.5,72058.6,124014.6,122532,31934.7,51115.4,101086,164511.6,175782.8,257142.4,348022.6,155581,99256.5,61284.9,109270.3,14806,7011,10809,4220,6606,5455,5886,15359,3136,3432,2760,19261,3386,106.74,104.64,103.98,112.78,107.73,98.53,114.78,97.48,110.11,102.75,108.41,104.75,107.63
