,Quarter,GDP,EUR/CHF,100xSEK/CHF,USD/CHF,CAD/CHF,100xBRL/USD,100xJPY/CHF,AUD/CHF,100xCNY/CHF,Z체rich Unemp,Berne Unemp,Lucerne Unemp,Uri Unemp,Schwyz Unemp,Obwald Unemp,Nidwald Unemp,Glaris Unemp,Zoug Unemp,Fribourg Unemp,Soleure Unemp,B창le-City Unemp,B창le-Rural Unemp,Schaffhouse Unemp,Appenzell Ausserrhoden Unemp,Appenzell Innerrhoden Unemp,St-Gall Unemp,Grisons Unemp,Argovie Unemp,Thurgovie Unemp,Tessin Unemp,Vaud Unemp,Valais Unemp,Neuch창tel Unemp,Geneva Unemp,Jura Unemp,Total All Sectors Emp,Total Sector II Emp,5-9 Emp,10-33 Emp,10-12 Emp,13-15 Emp,16-18 Emp,19-20 Emp,21 Emp,22-23 Emp,24-25 Emp,26 Emp,27 Emp,28 Emp,29-30 Emp,31-33 Emp,35 Emp,36-39 Emp,41-43 Emp,41-42 Emp,43 Emp,Total Sector III Emp,45-47 Emp,45 Emp,46 Emp,47 Emp,49-53 Emp,49 Emp,50-51 Emp,52 Emp,53 Emp,55-56 Emp,55 Emp,56 Emp,58-63 Emp,58-60 Emp,61 Emp,62-63 Emp,64-66 Emp,64 Emp,65 Emp,66 Emp,68 Emp,69-75 Emp,69 Emp,70 Emp,71 Emp,72 Emp,73-75 Emp,77-82 Emp,78 Emp,77+79-82 Emp,84 Emp,85 Emp,86-88 Emp,86 Emp,87 Emp,88 Emp,90-93 Emp,94-96 Emp,Total All Sectors Vac,Total Sector II Vac,10-33 Vac,24-25 Vac,26 Vac,28 Vac,41-43 Vac,Total Sector III Vac,45-47 Vac,49-53 Vac,55-56 Vac,58-63 Vac,62-63 Vac,64-66 Vac,68-75 Vac,77+79-82 Vac,84 Vac,85 Vac,86-88 Vac,90-96 Vac,Food and non-alcoholic beverages,Alcoholic beverages and tobacco,Clothing and footwear,Housing and energy,"Furnishings, household equipment and routine household maintenance",Healthcare,Transport,Communication,Recreation and culture,Education,Restaurants and hotels,Miscellaneous goods and services,Total index
0,2000Q1,115854.378747042,1.6070666666666664,18.894000000000002,1.6261999999999999,1.1187333333333334,91.70826666666666,1.51997,1.0266666666666666,19.67472,2.1,1.7,1.57,0.77,0.93,0.4,0.47,1.4,1.37,1.97,2.07,2.37,1.57,2.13,0.9,0.47,1.73,1.17,1.63,1.53,4.17,3.5,3.17,3.03,4.47,2.43,3212715.2,940487.5,4259.2,631287.5,68397.2,24533.7,79914.5,34008,22859.9,43202.5,98616.2,74917.3,31543.8,90666.1,12294.6,50333.7,22375.2,12980.1,269585.5,99127.3,170458.2,2272227.7,502153.1,72136.4,177039.1,252977.7,190097.6,83288.8,12766.3,45757.3,48285.2,211183.6,77679.5,133504.1,108732.3,27820.8,28175.3,52736.2,179281.9,109052.9,50009.5,20219.6,20694.7,219079.3,51992.3,40336.2,71510,11638.9,43601.9,137471.3,48558.3,88913.1,121987,156142.8,308184.1,184942.2,82359.6,40882.3,34907.4,82312.4,...,...,...,...,...,...,...,...,...,...,...,...,...,...,...,...,...,...,...,...,94.33,73.92,101.83,77.09,107.8,102.81,96.6,160.64,115.89,76.36,81.5,91.03,92.8
1,2000Q2,116763.905973396,1.5633666666666668,18.887133333333335,1.6729333333333332,1.1304333333333334,92.86326666666666,1.5703633333333331,0.9860966666666666,20.22705,1.8,1.3,1.3,0.4,0.7,0.4,0.4,0.87,1.1,1.43,1.6,2.17,1.37,1.6,0.73,0.27,1.4,1.03,1.33,1.13,2.6,2.9,1.83,2.17,4.1,1.73,3256812.1,951883.7,4330.1,636324.4,70291.7,24128.7,79899.7,33866.7,22996.5,43699.2,99140.4,76737.1,32519.6,90059.2,12356,50629.6,22240.9,13041.5,275946.7,101426.7,174520,2304928.4,501793.3,72334.2,177947,251512,188965.9,81897.3,12792.5,45947.7,48328.4,219561.8,80459.1,139102.6,110488.4,28068.6,28240.2,54179.5,180565.3,109915.9,49746.5,20902.9,20764.3,221783.2,52084.4,42037.4,71600.9,11965.6,44095,151438.6,61375.1,90063.5,123893.1,155473.1,312133.7,187257,84044.6,40832.1,35575.1,82492.7,...,...,...,...,...,...,...,...,...,...,...,...,...,...,...,...,...,...,...,...,95.33,74.35,102.09,77.53,108.0,102.78,98.48,145.01,114.43,76.46,81.6,91.25,93.06
2,2000Q3,118634.66972945,1.5439999999999998,18.363133333333334,1.7064666666666668,1.1516333333333335,93.94986666666667,1.5864333333333331,0.97965,20.625466666666668,1.63,1.13,1.2,0.4,0.57,0.3,0.43,0.73,1.0,1.37,1.4,1.9,1.23,1.43,0.67,0.23,1.23,0.83,1.23,1.0,2.47,2.67,1.47,2.07,3.97,1.63,3286071.6,966110.6,4383.4,644792.6,70221.7,24317.1,81007.9,34250.6,23487.7,43993.9,100054.6,79371.3,33462.9,91615.9,12080.3,50928.7,22225.3,13003.4,281705.9,103599.8,178106.1,2319961,503378.7,72169.6,178433.2,252776,190873.6,83717.6,12895,45876.7,48384.3,213014,77717.1,135296.9,113010.5,28267.1,27607.3,57136.1,183509.6,112429.1,49170.6,21910,21165.9,223604.8,51997.9,43597.8,71341.6,12194.6,44472.8,156474.1,65600.9,90873.2,125005.2,156186.8,315457.2,189154.3,85598.2,40704.7,35526.8,82753.8,...,...,...,...,...,...,...,...,...,...,...,...,...,...,...,...,...,...,...,...,95.04,75.13,101.39,78.5,108.03,102.81,99.41,145.11,113.52,76.66,81.61,91.25,93.34
3,2000Q4,120415.701975453,1.5160333333333333,17.61146666666667,1.7442,1.1430333333333333,90.43149999999999,1.5892766666666667,0.9281499999999999,21.076136666666667,1.63,1.2,1.23,0.57,0.6,0.4,0.43,0.73,0.97,1.33,1.33,1.97,1.23,1.67,0.9,0.27,1.23,1.1,1.2,1.13,3.07,2.63,2.2,1.93,3.87,1.6,3271559.6,952452.7,4298.4,643750.3,70401.2,23686.4,80749.2,34645,24012.6,43163.9,100910.1,78653.2,34219.2,90795.4,11833.8,50680.2,22156.3,12955.4,269292.3,99154.8,170137.5,2319106.9,504309.9,72265.3,177428.8,254615.9,193264.1,86793.4,12607.2,45764.4,48099.2,210376.2,76947.2,133429,113675.3,28439.2,28111,57125.1,186730.4,114544.9,48950.1,23235.4,21351.8,226808,52314.3,45567.8,71831.3,12250.8,44843.7,145269.9,54299.8,90970.1,126801.5,157151.7,315631.2,189237.6,86287.3,40106.3,35845.3,81891.5,...,...,...,...,...,...,...,...,...,...,...,...,...,...,...,...,...,...,...,...,94.56,75.21,101.62,79.86,107.89,102.86,99.38,143.99,113.52,77.1,81.78,91.4,93.74
4,2001Q1,120724.817552507,1.5334333333333332,17.031166666666667,1.6609999999999998,1.0876333333333332,82.39466666666667,1.4061833333333336,0.88149,20.087036666666666,1.67,1.27,1.23,0.5,0.63,0.47,0.5,0.77,1.17,1.4,1.47,2.17,1.3,1.83,0.9,0.3,1.33,1.1,1.27,1.17,3.1,2.8,2.5,2.07,3.9,1.73,3293720.5,955547.6,4246.9,644582,67955.3,23544.6,80505.4,35635.4,24929.6,43200.7,101743.2,80013.2,34896.1,91177.5,11130,49851.1,21916.6,13046.3,271755.8,99967,171788.7,2338172.9,506220.6,72539.8,180070.6,253610.2,193013.3,87906.8,11798.3,45855.3,47452.9,216158.7,78399,137759.7,116446.1,28498.9,27487.5,60459.7,187063.3,113916.8,47924.6,25221.8,22000,231046.5,52825.4,47646.1,72269.1,12484.7,45821.2,140227.3,48490.8,91736.5,130560.1,158781.6,318350.2,190657.4,87742.5,39950.3,37189.2,81115.9,...,...,...,...,...,...,...,...,...,...,...,...,...,...,...,...,...,...,...,...,95.34,75.4,98.41,79.51,108.28,103.24,97.96,144.21,113.93,77.2,83.1,92.38,93.74
5,2001Q2,121103.757574588,1.5283,16.744966666666667,1.7488666666666666,1.1344666666666667,76.48356666666666,1.42627,0.8972533333333333,21.14568,1.53,1.1,1.1,0.23,0.5,0.43,0.47,0.6,1.2,1.2,1.37,2.07,1.27,1.47,0.77,0.23,1.2,1.0,1.1,1.03,2.1,2.53,1.77,1.9,3.8,1.7,3318709.7,971072,4396.5,647922.1,68624.9,22900.5,80639.9,35900.6,25374.1,42857,101905.1,81272.8,36124.5,90454.9,11338.2,50529.6,21283.7,13359.1,284110.6,104527.9,179582.7,2347637.8,506466.3,71811.9,181004.7,253649.6,192546.3,86780.6,13797.5,45180.7,46787.4,213825.7,77553.4,136272.4,116104.6,28311.9,26531.3,61261.4,192649.5,115819.3,48291.1,28539,22365.4,237921.2,54006.6,50456.8,73757.6,12539.4,47160.8,150532.5,56220.4,94312.2,124243.5,160865.7,312513.9,187139,86748.9,38626,36174.4,81428.7,...,...,...,...,...,...,...,...,...,...,...,...,...,...,...,...,...,...,...,...,96.85,76.08,99.01,80.09,108.76,103.48,99.84,143.1,114.38,77.27,83.55,92.91,94.46
6,2001Q3,121368.437553016,1.5065666666666668,16.00836666666667,1.6929,1.0966333333333333,66.74486666666667,1.3919500000000002,0.8692166666666666,20.432056666666668,1.53,1.0,1.1,0.23,0.5,0.47,0.6,0.63,1.37,1.23,1.37,2.07,1.33,1.33,0.8,0.23,1.2,0.83,1.1,1.03,2.27,2.5,1.5,1.97,3.87,2.03,3345135.9,979988.1,4445.6,653129.4,69471.7,22800.8,81260.3,36433.8,26000.7,42715.5,102693,82754.6,36517,90859,11120.9,50502.1,21633.8,13313.1,287466.3,105733.5,181732.7,2365147.8,508232,72906.3,180493.1,254832.6,194501.2,87820.2,14073.4,45475.2,47132.3,214827.7,77690,137137.6,115917.9,28431.8,26184,61302.1,197459.6,117361.5,48831.8,31266.4,22566.5,238938.9,53710.6,52035,73311.5,12642.7,47239.2,152170.7,57188.2,94982.5,125800.9,162736.4,313890.2,187880,87767.9,38242.3,36329.8,81776,...,...,...,...,...,...,...,...,...,...,...,...,...,...,...,...,...,...,...,...,97.42,76.1,93.31,80.36,108.69,103.53,98.92,142.71,114.48,77.47,83.64,93.22,94.29
7,2001Q4,120766.235453702,1.4734666666666667,15.546166666666666,1.6445333333333334,1.0408000000000002,64.59393333333334,1.3311133333333334,0.8418966666666666,19.903973333333337,2.1,1.3,1.5,0.63,0.73,0.77,0.77,0.9,1.83,1.53,1.63,2.33,1.53,1.67,1.0,0.37,1.5,1.17,1.4,1.47,3.07,2.8,2.43,2.57,4.33,2.53,3312376.2,957744.7,4362.8,647778.6,68788,22760.6,80272.4,36175.3,26199.3,41996.8,101135.6,81918.8,36510.3,90273.4,11633.9,50114.4,21567.2,13231.1,270804.9,99389.4,171415.5,2354631.5,505206,73265.9,177470.7,254469.5,194303,90179.4,12079.7,45208.4,46835.5,213814.1,76882.1,136932,114711.4,28361.4,26639.8,59710.2,197446.3,117220.7,49015.3,31210.3,22675.3,240007.4,53932.9,52544.2,73813.5,12838.1,46878.7,141523.2,46977,94546.1,125834.5,164530.1,316028,188848.4,88516.3,38663.3,36812.3,81739.9,...,...,...,...,...,...,...,...,...,...,...,...,...,...,...,...,...,...,...,...,97.54,76.42,95.17,80.04,108.66,103.29,97.11,142.52,114.65,77.91,83.58,93.43,94.13
8,2002Q1,120546.912427477,1.4730666666666667,16.080133333333333,1.6804333333333332,1.0539333333333332,70.51936666666667,1.2689033333333335,0.8703833333333333,20.304753333333334,2.67,1.63,1.8,0.63,1.07,0.87,0.87,1.4,2.33,1.77,2.1,2.73,1.8,2.33,1.37,0.63,1.9,1.23,1.8,1.87,3.57,3.17,2.87,3.27,4.73,3.43,3302104.4,949158.3,4259.1,637725.9,70304.1,22475.5,79616,35744.7,26241.9,41357.4,98403.9,80815.2,35088.6,88548.3,10389.5,48740.9,21928,13350.8,271894.5,99547.5,172346.9,2352946.1,504654,72668,179735.2,252250.8,188876.2,87106.2,12303.2,43855.7,45611.1,214761,76827.6,137933.4,113994.8,28160.1,26299,59535.7,198911.7,118264.8,48043.3,32603.7,22822.1,243510.3,54662,53528.1,74912.3,13545.2,46862.6,137377.5,42712.1,94665.4,128167,166575.6,316019,188532.7,88668.6,38817.7,35958.6,81318.3,...,...,...,...,...,...,...,...,...,...,...,...,...,...,...,...,...,...,...,...,99.26,76.89,88.2,79.84,108.69,103.64,96.48,142.33,114.64,78.07,85.74,94.95,94.27
9,2002Q2,120449.58647586,1.4647666666666666,15.994333333333332,1.5944333333333331,1.0253666666666668,64.1493,1.25664,0.8787366666666666,19.252396666666666,2.77,1.47,1.73,0.57,1.0,0.73,0.83,1.13,2.3,1.5,2.17,2.87,1.73,2.17,1.53,0.83,1.9,1.37,1.93,1.8,2.93,3.03,2.13,2.9,4.87,3.37,3317534.1,956780,4340.7,635680.8,70277.7,21478.2,78560.2,36045.3,26887.8,40706,98364.4,81047.2,34476.3,87944.4,10973.2,48920.1,21172.5,13302.4,282283.8,102982.2,179301.6,2360754.1,499292.1,72334.6,178239.9,248717.5,188999.9,87323.6,12933.2,43946.3,44796.9,213635.9,76050.5,137585.4,113660.3,27861.4,26165.8,59633,199289.5,119773.9,47753.6,31762.1,23004.7,243218.3,54385.8,53572.3,74706.9,14203.4,46349.9,146997.9,51154.9,95843,128108.4,166864.4,317690.3,189249.8,89300.3,39140.2,36232.3,83760.1,...,...,...,...,...,...,...,...,...,...,...,...,...,...,...,...,...,...,...,...,99.3,77.29,99.53,80.08,108.8,103.89,98.41,142.41,114.42,78.19,85.98,95.53,95.11
10,2002Q3,120823.861637361,1.4638666666666669,15.858633333333332,1.4885000000000002,0.9531666666666667,48.0111,1.2478566666666666,0.81469,17.976816666666668,2.97,1.63,1.9,0.63,1.2,0.9,1.13,1.67,2.7,1.67,2.3,2.97,1.83,2.2,1.6,0.8,2.1,1.2,2.07,1.9,3.23,3.2,2.1,3.07,5.07,3.57,3344400.3,961954.5,4316.7,635899.6,71224.8,21023.9,78021.4,36238.5,27420.5,41194.3,97974.6,80703.2,34444.6,88155.9,10967.4,48530.4,21551.1,13398.8,286788.4,104312.7,182475.7,2382445.7,505815.8,74182.2,181123,250510.6,190764.3,88142.1,13229.9,45095.4,44296.9,212220.8,75286.4,136934.3,114422.1,27486.5,25737.6,61198,200683.7,121062,47763.6,31858.1,23318.8,245145.8,54833.6,54379.4,75652.7,14275.8,46004.4,149761.2,53452.5,96308.8,131004,167767.6,321188.8,191019.1,90463.3,39706.4,35576.2,84776.5,...,...,...,...,...,...,...,...,...,...,...,...,...,...,...,...,...,...,...,...,98.95,77.37,87.77,80.14,108.92,103.88,98.94,142.31,114.07,78.5,85.67,95.69,94.58
11,2002Q4,120715.686393753,1.4667333333333332,16.122233333333334,1.4663333333333333,0.9342,39.8936,1.1971366666666665,0.8185266666666666,17.699906666666667,3.57,2.27,2.57,1.03,1.63,1.27,1.57,1.97,3.3,2.17,2.7,3.4,2.3,2.7,1.8,1.0,2.5,1.67,2.67,2.33,4.1,3.8,3.23,3.77,5.6,3.97,3294782.8,940604.9,4242.7,626318.8,68860.4,20288.4,76551.7,35740.9,27412.1,40135.9,96570.9,79890,33810.5,88041.6,11100.7,47915.7,21610.8,13159.7,275272.8,99895.6,175377.3,2354177.9,505815.8,74571.2,178241.4,253003.2,190194,89022.8,13316.4,44558.4,43296.5,207235.4,73297.5,133938,112628.9,27200.5,24785.3,60643.2,198324.8,118154.3,47536.1,32634.4,22668.3,237965.1,52969.8,52845.4,73384.8,14444,44321,139558.4,44561.5,94996.9,130921.3,168511.1,321998,191169,90859.2,39969.8,35755.9,82600.9,...,...,...,...,...,...,...,...,...,...,...,...,...,...,...,...,...,...,...,...,98.58,77.39,101.27,80.22,108.79,103.79,98.4,142.27,113.99,79.26,85.73,95.61,95.08
12,2003Q1,120699.722308383,1.4661666666666668,15.962666666666669,1.3655666666666668,0.9047666666666666,39.07293333333333,1.1483133333333335,0.8105366666666667,16.501256666666666,4.23,2.8,2.97,1.2,2.13,1.43,1.8,2.4,3.67,2.77,3.17,3.9,2.7,3.07,2.17,1.4,2.9,1.73,3.2,2.87,4.53,4.4,3.87,4.5,6.17,4.6,3274146.6,929220.1,4197.7,616561.8,68258.9,20064.4,75331.4,35349.8,27476.5,39829.5,95372.9,77469.6,33156,86512.3,10774.8,46965.8,22666.7,13216.1,272577.8,98703,173874.8,2344926.5,499933.6,72915.6,177740.7,249277.3,188497,88864.2,12998.6,44576.2,42058,208097.1,73300.2,134796.9,111364.3,27349.6,24354,59660.7,194422.5,117047.3,46159.6,31215.6,22602.8,240287.1,53407.8,53608,74174.8,14951.8,44144.8,137050,40862,96188.1,131188.6,171467.8,322203.3,190976.8,91059.6,40166.8,36313.6,81498.8,...,...,...,...,...,...,...,...,...,...,...,...,...,...,...,...,...,...,...,...,99.62,77.17,89.25,80.67,108.86,104.49,99.62,142.46,114.56,79.52,87.3,96.56,95.25
13,2003Q2,121036.500155456,1.5167000000000002,16.584999999999997,1.3353000000000002,0.9550333333333333,44.626666666666665,1.1272499999999999,0.8544633333333334,16.135203333333333,4.43,2.73,3.0,0.93,2.03,1.37,1.83,2.2,3.6,2.6,3.13,4.3,2.87,2.83,2.0,1.33,2.9,2.03,3.2,2.77,3.87,4.5,3.13,4.23,6.43,4.7,3285859.9,941542.5,4234.5,618000.4,69001.1,19996.2,75120,35119.3,27684.8,40480.9,95410.2,77967.2,33154.8,86474.4,10767,46824.3,22372.3,13219.3,283716,102325.4,181390.6,2344317.4,500783.2,73087.1,177398,250298.1,185060.6,86564.6,13093,44051,41352.1,203877.8,71849.2,132028.6,110197.8,27154.5,24219,58824.3,192499.8,115126.1,46739.3,30634.4,22755.6,238756.7,53165.4,53642.9,74095.3,14398.7,43454.4,145811.8,49557.3,96254.6,131715.3,171231.9,324210.5,191821.1,91808,40581.5,35750.1,81666.1,36729,10562,5054,1681,611,571,5238,26167,7105,1102,3958,978,783,1507,3436,1422,786,945,3678,1250,100.46,78.21,100.48,80.13,109.44,104.75,98.28,142.29,114.44,79.57,86.95,96.92,95.63
14,2003Q3,122176.260105002,1.5447999999999997,16.84573333333333,1.3735,0.9946666666666667,46.77806666666667,1.16956,0.9037866666666666,16.57299666666667,4.6,2.73,3.13,0.83,2.03,1.57,1.9,2.27,3.53,2.67,3.3,4.27,2.97,3.03,2.2,1.2,3.0,1.8,3.3,2.93,3.9,4.63,2.87,4.33,6.53,5.0,3297009,939583.9,4277.7,614328.3,69507.6,19490.8,75132.3,34643.4,27688,40715.6,95951.3,77205.9,33075.7,83695.1,10943.6,46279,22000.2,13110.7,285867,102782.3,183084.7,2357425.1,501601,73562.4,175070.3,252968.2,186106.1,86604.2,13138.6,43885.6,42477.6,202155.9,71058.8,131097.1,108128.1,27215.5,24743.1,56169.5,193081.7,115102.1,47283.8,30695.7,23023.9,238146,52975.8,53702.7,73952,14455.7,43059.8,149908.4,52527.8,97380.6,133455,173112.2,329745.3,194712.9,93556.8,41475.7,36211.5,82750.2,29219,8131,4022,1299,547,365,3930,21088,5670,896,3487,770,611,1971,2403,967,457,828,2701,938,100.37,78.53,87.03,80.37,109.66,104.82,98.07,140.75,114.1,80.03,86.69,96.96,95.0
15,2003Q4,123803.590803982,1.5538999999999998,17.24393333333333,1.3068666666666668,0.9918999999999999,45.0548,1.2001833333333332,0.9352499999999999,15.780283333333331,4.8,3.07,3.37,1.3,2.23,1.9,2.1,2.57,3.63,3.0,3.77,4.6,3.27,3.53,2.17,1.67,3.17,2.27,3.53,3.13,4.73,5.0,3.9,4.7,6.8,5.0,3279311.6,927428.4,4235.2,610014.3,69271.6,19335.8,74414.5,34699.2,28120.1,39841.6,94430.4,76841.8,33801,82315,10942.1,46001.3,22004.1,13094,278080.8,99763.1,178317.7,2351883.2,501885.7,73912.6,175042.4,252930.7,186154.9,89379.7,10852.2,43849.9,42073.1,201072.5,70334.8,130737.7,107427.8,27267.8,24412.4,55747.6,190735,112983.3,45791.8,31959.8,23626.6,241080.4,53663.2,54703.7,75126.6,14540.3,43046.5,142939.1,44672.3,98266.8,134358.6,173370.3,330391,194792.2,93906.1,41692.7,36717.4,82124,29043,8278,4507,1439,613,467,3632,20764,5725,1125,2646,800,604,1715,2615,1108,561,1144,2187,1138,100.68,78.55,98.9,80.48,109.68,104.74,97.66,141.59,113.94,80.93,86.71,96.99,95.58
16,2004Q1,124314.721210403,1.5686,17.072699999999998,1.254,0.9510333333333333,43.282900000000005,1.17024,0.9603700000000001,15.151726666666667,4.97,3.3,3.4,1.4,2.4,2.0,2.1,2.73,3.67,3.2,3.9,4.9,3.5,3.77,2.4,1.97,3.3,2.17,3.77,3.37,4.93,5.5,4.37,4.9,6.97,5.17,3270543.2,917945.9,4190.7,604457.9,68227.8,19139.1,73657.9,34083.5,27990.2,40110.4,93425.5,76416.7,33035.5,81624,10871.5,45876,22272.9,13145,273879.4,98106.6,175772.8,2352597.3,503196.6,74308.1,177443.8,251444.7,187629.4,89104.5,12062.1,44721.5,41741.4,203001.5,71024.4,131977,107705.2,27158.4,24742.3,55804.4,190735.5,112379.1,46246,32110.3,23537.4,241002.6,53600.3,54996.2,75389.3,14582,42434.8,141264.9,41924.4,99340.5,134760.3,170706.7,328547.9,193393.9,93524.2,41629.7,37145.2,83364.3,40276,11302,6800,1799,914,765,4070,28975,8260,1447,3334,1571,1393,3041,3888,1709,883,1081,2458,1303,101.03,79.47,84.81,80.61,109.69,105.25,98.44,142.04,113.98,80.96,87.56,97.83,95.31
17,2004Q2,125716.517805027,1.5380666666666667,16.8053,1.2767666666666666,0.9390999999999999,41.97456666666667,1.1644866666666667,0.91249,15.417596666666668,4.5,2.8,3.07,1.0,2.17,1.57,1.8,2.23,3.4,2.73,3.43,4.47,3.27,3.53,2.17,1.63,3.07,2.17,3.33,3.03,4.07,5.3,3.43,4.33,6.9,4.4,3288354.6,923927.2,4367.3,606028.7,68424.3,18733.5,73245.6,34187.6,28466,40575,93257.2,77654.7,33187.2,81394,11048.6,45855.2,22655.8,13142.1,277733.2,99305.4,178427.8,2364427.4,500676,73793.4,177982.8,248899.8,184500.5,86444.5,11695.9,45440.5,40919.6,202821.1,70863.2,131957.9,107381.6,26955.6,24261.8,56164.3,189990.2,112072.6,46165,31752.6,23431.4,241552.4,53753,55362.6,75609.3,14602.1,42225.5,152549.6,52083.3,100466.2,134381.2,173668,332442.7,195326.1,94829.7,42286.9,37513.9,83518.7,39672,12152,7124,2172,1068,768,4629,27519,7050,1684,2352,1453,1263,3118,4041,1757,760,1103,2999,1203,101.4,80.96,99.04,81.14,109.8,105.77,99.91,142.09,113.86,80.97,88.04,97.84,96.46
18,2004Q3,125153.022803979,1.5359999999999998,16.75926666666667,1.2566,0.9599333333333333,42.1485,1.1429099999999999,0.8910333333333332,15.181456666666667,4.2,2.63,3.03,0.97,2.17,1.5,1.8,2.17,3.37,2.73,3.43,4.47,3.3,3.07,2.23,1.43,2.97,1.8,3.27,2.97,4.17,5.27,3.1,4.27,7.1,4.53,3311441.3,940301.7,4424.5,613883.3,69534.6,18597.6,73474,34102.7,28793,40423.1,94419.7,80967.7,33092,83563.6,11211.2,45704.1,22950.2,13077.9,285965.8,101981.2,183984.6,2371139.7,496655.1,74901,175427.8,246326.2,185118.7,86922.4,11055.7,46308.6,40831.9,200861.9,69649.1,131212.8,108836.5,26951.5,24109.9,57775.2,191825.4,113045.2,46444.8,32335.4,23990.3,241130.2,53548.4,55473.3,75498.9,14820.6,41789,157685.4,56379.3,101306.1,134867.2,171742.3,336183.6,197198.6,96088.9,42896.1,38034.3,84208.7,31277,9286,5942,1671,900,725,3030,21991,5212,1121,2044,1519,1312,3010,3181,1322,622,719,2235,1007,100.45,81.33,84.48,81.98,109.71,105.82,100.28,138.27,113.67,81.25,87.75,97.86,95.87
19,2004Q4,126499.831649789,1.5335666666666665,17.005933333333335,1.1844999999999999,0.9696333333333333,42.420899999999996,1.1184633333333334,0.8953466666666667,14.302723333333333,4.27,2.93,3.07,1.37,2.4,1.7,2.1,2.4,3.37,2.97,3.43,4.43,3.43,3.33,2.3,1.5,3.0,2.2,3.37,3.1,5.0,5.47,4.23,4.33,7.3,4.37,3282205.5,922411.3,4346.9,605681.8,69086.7,18138.8,73224.6,33911.3,29026.9,39679.8,92781.1,78812.4,32703.9,81897.9,11274.6,45143.9,22709.1,13022.7,276650.8,98355.9,178294.9,2359794.1,496022.7,74633.4,174470.6,246918.8,187186.8,89723.4,9868.4,46344.3,41250.7,197938.3,68704.8,129233.5,107962.2,27029.9,24344.3,56588,191488.5,113326.8,45612.8,32548.9,23697.7,240221.1,53358.4,55606.2,75494.9,14675.3,41086.3,150203.5,48824.8,101378.7,136070.9,171980,335159.4,196268.1,95967.9,42923.4,38153,83709.8,30972,9100,5591,1486,915,740,3263,21872,4968,1454,1932,1574,1381,2905,3122,1325,631,553,2221,1188,100.27,81.57,97.24,83.13,109.62,105.86,100.77,140.45,113.55,81.71,87.89,98.11,96.9
20,2005Q1,127546.776053812,1.5485,17.0555,1.1803666666666668,0.9624,44.268966666666664,1.1296899999999999,0.91712,14.284346666666666,4.33,3.03,3.27,1.6,2.47,1.77,2.03,2.63,3.4,3.27,3.67,4.4,3.57,3.63,2.2,1.57,3.2,2.13,3.53,3.27,5.23,5.77,4.8,4.6,7.5,4.67,3276027,916297.4,4326.6,606290.8,69527.1,17827.9,72785.9,33793.3,29303.9,40153.5,91970.5,80254.7,32808.4,81743.9,11028.1,45093.6,22269.1,12856.3,270554.7,96008,174546.7,2359729.5,492640.9,74802.3,175687.3,242151.3,185860.4,90905.2,9813,45679.2,39463,200317.3,68922.4,131394.9,107736.6,27120.9,23520.4,57095.3,189419.2,112330.7,44592.1,32496.4,23955.7,239360.6,53142.3,55566.3,75231.7,14701.3,40719.1,148396.5,46677.4,101719.1,137104.3,173010.8,338200,197582.3,97075.1,43542.7,39558.3,84169.1,35382,10735,6404,1495,944,794,4060,24647,5971,1281,2273,1848,1611,3379,3385,1379,398,1104,2500,1130,100.93,82.61,85.07,82.93,109.6,106.19,101.12,141.52,113.32,81.7,88.56,98.68,96.59
21,2005Q2,129060.11837134,1.5433666666666666,16.760033333333332,1.2255,0.9847999999999999,49.38309999999999,1.1395233333333332,0.9417399999999999,14.823946666666666,4.0,2.7,2.9,1.37,2.2,1.57,1.83,2.4,3.2,2.97,3.3,4.03,3.27,3.13,2.1,1.3,2.9,2.4,3.13,3.0,4.47,5.33,3.63,4.13,7.53,4.13,3301038.8,930055.4,4425.2,607079.9,69067.7,18169.8,72512.9,33239.5,29199.6,40510,92808.1,80030.8,33033,82491.7,11233.7,44783.3,21675.6,12792.4,284082.2,100441.2,183641,2370983.4,494421.8,74860.7,177843.4,241717.7,182658.7,87989.1,10069.6,46183.7,38416.3,197357.7,67905.5,129452.2,108267.6,26725,23067.6,58475.1,186560.3,109061.3,43834.3,33664.6,23913,243470.6,54137.7,56957.6,76893.6,14691.8,40789.8,162645,59738.3,102906.7,136925.8,172506,338366.4,197338.8,97321.1,43706.5,39033.6,84857.1,35404,10252,6462,1513,999,884,3481,25152,5517,1195,2051,1530,1317,3405,4206,1727,592,1209,2678,1042,100.83,85.02,99.38,83.54,109.75,106.36,102.0,137.37,112.99,81.71,88.88,98.8,97.48
22,2005Q3,131055.386165924,1.5532666666666666,16.575999999999997,1.2732666666666665,1.0586666666666666,54.29416666666666,1.1447766666666668,0.9672466666666667,15.659929999999997,3.87,2.7,3.03,1.17,2.2,1.33,1.83,2.37,3.07,3.0,3.27,3.93,3.17,3.07,2.2,1.43,2.87,1.8,3.13,2.93,4.43,5.1,3.2,4.23,7.17,4.17,3341769.7,947415.6,4433.4,616464.4,69621.1,17780.3,72794.1,34259.3,30471,40853.3,95100.6,82593.7,33764.5,82577.5,11252.5,45396.6,21956.1,12836.7,291725,102543.2,189181.8,2394354.1,495565.1,76098.1,178968.4,240498.6,184220.6,88925.8,9889.4,45728.9,39676.6,197515.7,67932.8,129582.9,109680.6,26776.2,23645.1,59259.3,189321.7,109561.3,45307.2,34453.3,23588.9,245728,54531,57697,77632.2,15158.2,40709.5,171069.3,67073.1,103996.2,136694.7,170788.3,344110.7,200333.1,99154,44623.6,39800.7,86269.8,36153,10384,7067,1634,1169,879,3021,25769,5904,1263,2747,1499,1310,3544,3950,1609,615,669,2713,1257,99.64,85.24,81.85,84.66,109.83,106.52,104.43,126.25,112.91,82.12,88.76,98.91,97.0
23,2005Q4,133098.114328077,1.5473,16.3272,1.3008333333333335,1.1084333333333334,57.85136666666667,1.10954,0.9678466666666666,16.106123333333333,3.9,2.9,3.13,1.13,2.33,1.83,2.1,2.57,2.93,3.1,3.3,3.97,3.13,3.33,2.23,1.63,2.87,2.3,3.2,3.1,5.33,5.13,4.27,4.37,7.27,3.93,3320829,934605.7,4389.8,613991.2,69914.9,17466.9,72255.1,33885.3,30434.2,40419.8,93673.8,83584.9,33959,81991.4,11198.2,45207.7,21950.8,12907.6,281366.3,99034.6,182331.7,2386223.3,494878.7,76271.8,176681.5,241925.4,187010.1,93196.7,9134,45188.3,39491.2,194888.8,67440.1,127448.6,108747.7,26731.4,23256.9,58759.4,189045.3,109719.1,44540,34786.2,23888.2,243478.3,53842.5,57503.1,76736.5,15182.9,40213.3,165086.3,60401.1,104685.2,138116,170674.1,344709.5,200157.9,99334.3,45217.3,39232.1,86468.1,40946,12823,8642,2185,1570,894,3780,28123,5919,1332,1850,1781,1561,4384,4857,2041,864,737,2838,1520,98.89,85.55,98.86,85.47,109.45,106.21,105.53,125.67,113.18,82.94,88.75,98.92,97.96
24,2006Q1,135591.354581187,1.5585666666666667,16.664533333333335,1.2955666666666665,1.1217666666666666,58.99913333333333,1.10872,0.9578066666666666,16.102603333333334,3.87,2.9,3.13,1.27,2.33,1.8,2.0,2.73,2.93,3.37,3.37,4.13,3.1,3.47,2.1,1.57,2.9,2.03,3.3,3.1,5.67,5.27,4.37,4.53,7.2,4.33,3334146.4,928851.5,4630.9,612136.9,67383.2,17217.2,71052.7,33638.7,30479.1,40994.8,95099.7,83260.2,31706.4,84702.6,11485.4,45116.8,21457,12875,277751.7,97573.6,180178.1,2405294.9,492504.2,76590.5,177970,237943.7,186917.6,93549.1,9240.1,45155.3,38973,200858.8,69228,131630.8,110665.6,27220.8,22959.4,60485.4,187591.9,109295.9,43129.9,35166.2,24424.1,249774.8,55017.7,59445.1,78687.7,15883.7,40740.6,165455.6,59416.9,106038.7,139422.9,174035.5,345631.5,200124.9,99623.8,45882.8,41734.8,86277.6,50667,16057,10763,3037,1881,1184,4868,34611,7492,1616,3269,2501,2233,4911,6004,2480,914,1199,3002,1224,99.92,85.52,85.98,85.78,109.48,106.61,105.13,125.59,113.3,82.99,89.85,99.63,97.79
25,2006Q2,137462.488997973,1.5637999999999999,16.80926666666667,1.2448666666666668,1.1079666666666668,57.068266666666666,1.08739,0.9289566666666667,15.5341,3.33,2.4,2.63,1.0,1.87,1.47,1.57,2.33,2.43,2.87,2.93,3.7,2.8,2.83,1.8,1.07,2.47,1.97,2.83,2.6,4.5,4.77,3.17,4.07,6.93,3.77,3367997.5,949597.3,4438.5,620262,69121.8,16761.3,71344,34473,31442,41203.1,96354.8,86039.2,32220.5,84766.2,11613,44923.2,21783.6,12872.5,290240.8,101546.8,188694,2418400.2,491519.7,76024.8,179841.1,235653.8,184082,90176.8,9567.3,45115.8,39222.2,198898,68514.1,130383.9,111019.5,26856.4,22897.2,61265.9,190345.9,111347.9,43338.4,35659.6,25014.5,249626.2,54710.4,59679.6,78357.1,16416.6,40462.5,183259.2,76190.8,107068.4,137747.3,171935.9,347313,200582.8,100142.4,46587.8,40674.6,86964.2,52742,17530,11552,3037,1833,1353,5489,35211,6752,1941,2890,2408,2145,5106,6410,2670,861,1615,3422,1137,100.0,85.56,101.07,86.48,109.96,106.73,106.84,123.01,113.02,83.0,89.9,99.78,98.77
26,2006Q3,139285.751886508,1.5766,17.07466666666667,1.2367000000000001,1.1034333333333333,56.93866666666667,1.0640866666666666,0.9360499999999999,15.538456666666667,3.1,2.23,2.5,0.9,1.83,1.3,1.5,2.07,2.4,2.9,2.73,3.57,2.67,2.57,1.83,0.9,2.33,1.37,2.67,2.47,4.4,4.53,2.67,3.93,6.87,3.6,3420915.5,968822.9,4590.2,632438.1,70219,16889.7,72120.8,34415.4,31740.9,42249.8,98552.3,89049.7,32880.4,85958.2,12015.6,46346.3,22428.4,13138.5,296227.7,103508.3,192719.4,2452092.6,493226.6,76027.9,180734.4,236464.2,186110.6,90815.3,9885,45731.9,39678.4,197223.6,67831.1,129392.5,111623.9,27003.9,23055.1,61564.9,194511.4,114220.4,43725.1,36565.9,25300.6,256994.5,56127.8,61979.9,80791.6,17010.5,41084.8,191452,82271.2,109180.8,140126.3,174020.5,351658.4,202552,101420.5,47685.9,41672.5,88171.7,51835,16333,11237,3086,1779,1462,4592,35502,7158,1656,3145,2521,2261,5100,6314,2631,971,1112,3657,1237,100.58,85.55,84.11,86.85,109.77,106.07,107.9,122.94,112.72,83.41,89.82,99.68,98.19
27,2006Q4,141686.143745701,1.592833333333333,17.438633333333332,1.2345333333333333,1.0844,57.3272,1.0487233333333335,0.95081,15.709136666666668,3.03,2.43,2.53,1.23,1.87,1.33,1.5,2.07,2.3,2.93,2.63,3.53,2.53,2.6,1.83,1.03,2.33,1.87,2.63,2.4,4.97,4.53,3.77,3.87,6.8,3.63,3420571.5,963564.8,4587.4,636031,70585.8,17196.1,71268.8,34240.7,31798.9,41813.5,98523.6,90373.6,33561.8,87240.8,12626.7,46800.9,22138.4,13045.3,287762.7,100435.2,187327.6,2457006.7,500385.6,75981.6,182213.8,242190.1,190272.7,93945.8,9940.3,46563.2,39823.5,195356,67303.7,128052.3,112129.7,26643.6,22974.3,62511.8,197315.3,115908.3,43790.6,37616.3,25639.4,255960.1,55718.2,62140.4,80372.5,16958.5,40770.6,179004.4,69042.1,109962.3,142458.5,174859,353809.3,203267,102042.1,48500.2,41155.4,88661.1,56996,16667,11896,3572,1897,1580,4295,40329,8225,1996,3659,3558,3327,4884,6915,2909,1014,1166,4271,1732,99.62,85.61,100.81,86.76,109.66,105.95,104.91,122.9,112.51,84.3,89.53,99.63,98.41
28,2007Q1,143869.251200062,1.6165333333333336,17.587500000000002,1.2340333333333333,1.0525333333333335,58.45656666666667,1.0330433333333333,0.96936,15.892776666666668,3.03,2.37,2.5,1.47,1.77,1.17,1.4,2.0,2.33,3.1,2.7,3.6,2.53,2.5,1.8,1.23,2.3,1.4,2.67,2.33,5.17,4.63,3.93,3.83,6.83,3.9,3434255.5,967354.2,4649.7,638646.8,70643.3,17094,71829.1,33902.4,31866.3,42569.3,99263.1,91234.2,33539.5,86683.1,12799.4,47223.2,22481.7,13214.7,288361.2,100404.1,187957.1,2466901.3,499705.3,75370.6,182626.6,241708.1,190284.3,94836.4,10013.1,46643.7,38791.1,195902.1,67387.1,128515,112621.8,27326.3,22781.6,62513.9,201766.3,118966.5,44410.2,38389.6,25603,259212,56241.6,63416.6,81321.5,17355.9,40876.4,174653.4,63044.3,111609.1,145067.8,175033.7,355039.7,203295.9,102503,49240.8,42320.5,89691.6,65416,21054,14255,3594,2233,1970,6195,44362,9156,2347,4841,3444,3094,5120,7632,3302,1092,1456,3887,2084,100.17,86.15,82.82,86.86,110.09,106.02,104.86,122.66,112.47,84.42,91.23,99.46,97.87
29,2007Q2,146863.099332018,1.6471999999999998,17.787899999999997,1.2219333333333333,1.1127666666666667,61.5559,1.0120699999999998,1.0158166666666666,15.92204,2.53,1.93,2.07,1.03,1.33,0.97,1.1,1.6,1.93,2.53,2.37,3.3,2.27,2.03,1.43,0.97,1.93,1.53,2.3,1.87,4.0,4.07,2.93,3.3,6.27,3.27,3482937.6,983581.3,4811.7,644278.8,71090.7,17129.4,71556.5,34204.7,32432.8,42062.5,100662.1,93178.3,33875.9,87528.8,13083,47474,22849.2,13454.8,298186.8,103494.6,194692.2,2499356.3,503065.4,75254.5,187036.1,240774.8,188511.4,92592.5,10508.1,46626.7,38784.1,202244.2,69794.6,132449.5,114117.5,27244,22477,64396.5,201866.1,118767.9,42993.1,40105.2,25980.5,261998.7,56569.9,64455.3,82024.8,17935.2,41013.4,189863.6,76585.6,113278,145806.6,174925.5,358902,204948.3,103636,50317.7,42582.3,89492.7,72413,22489,15629,4355,2569,2328,6157,49924,10562,2973,4708,3784,3411,5324,8846,3868,1293,1965,4671,1930,100.42,87.22,99.99,88.06,110.04,106.21,107.75,119.4,112.39,84.42,91.2,99.72,99.29
30,2007Q3,148590.120863663,1.6473000000000002,17.776233333333334,1.1988,1.1459666666666666,62.437599999999996,1.01827,1.0152533333333333,15.857729999999998,2.4,1.77,1.9,0.73,1.33,1.03,0.97,1.47,1.77,2.43,2.33,3.07,2.17,1.9,1.4,0.93,1.8,1.0,2.2,1.77,3.87,3.87,2.43,3.2,5.93,3.17,3531206.1,998746.3,4795.7,651816.7,71077.3,17208.9,72448.9,34280.7,32784.2,42415.4,101848.5,95109.8,35414.5,87813.5,13366.8,48048.4,22909.2,13608.5,305616.2,105782.1,199834.2,2532459.8,511254,76132.9,189122.9,245998.2,190201.6,93482.7,10594.3,47367.4,38757.2,203882.6,70502.3,133380.4,115163.6,27317.2,22587.7,65258.7,205297.5,119889.1,43211,42197.4,26086.8,267058.4,57754.7,66516,84037.2,17073.1,41677.4,198445.7,82575.3,115870.5,143554.6,176611.4,362247.1,206300.9,104627.5,51318.6,42914.1,89742.4,72778,21916,15838,4608,2627,2249,5376,50862,11688,2795,4607,3916,3397,5164,9212,4034,1233,1159,4512,2543,100.45,87.78,86.8,88.6,110.05,106.17,107.95,118.94,112.06,84.71,90.76,99.85,98.81
31,2007Q4,150136.130905014,1.6591666666666667,17.8426,1.1455666666666666,1.1681333333333332,64.12836666666668,1.0133400000000001,1.0195966666666667,15.42553,2.5,1.93,2.03,0.97,1.4,1.23,1.2,1.4,1.73,2.57,2.33,2.97,2.23,2.23,1.47,0.93,1.8,1.6,2.27,1.9,4.5,3.87,3.37,3.3,6.0,2.97,3533807,994918.3,4739.8,652685.3,71186.6,17032.4,71979.6,33956.7,32736.1,42189.6,101787.3,96518.9,36541.9,87153.4,13399.1,48203.6,22717.1,13759.3,301016.7,104008.5,197008.1,2538888.8,515980.3,75512.7,190627.5,249840.1,193297.4,96339.8,10701,47915.1,38341.5,204291.9,70920,133371.9,115469.5,27117.4,22223.8,66128.3,206223.1,119709,43286,43228.1,26903.5,268211.8,57950.8,67347.6,84414.1,16731.8,41767.5,190395.4,72752.6,117642.9,139673.1,180056.8,365697.6,207712.7,105634.3,52350.6,42765.6,89922.7,69773,20746,14757,4178,2701,2363,5278,49027,12579,2690,4137,4034,3669,5212,8099,3511,1559,1311,4182,1713,101.16,88.13,103.45,89.73,110.23,106.05,108.67,118.79,112.3,85.38,90.82,99.98,100.06
32,2008Q1,152442.986320703,1.5995666666666668,17.009466666666665,1.0678666666666667,1.0643333333333334,61.442033333333335,1.0146433333333333,0.9676866666666667,14.921199999999999,2.6,1.9,2.17,0.97,1.4,1.2,1.27,1.33,1.8,2.73,2.4,3.07,2.3,2.43,1.4,1.0,1.87,1.2,2.43,2.0,4.57,4.07,3.6,3.5,5.87,3.13,3552952.4,997845.3,4719.1,657755.9,71713.9,17274.6,71181.7,34154.5,33220.3,41982.9,103113.4,98557.8,37586.5,86763,13571,48636.2,22608.7,13755.5,299006.1,103109.1,195897,2555107.1,513014.9,75576.2,190130.1,247308.6,195892.6,98277.8,10916.7,48496,38202.1,205225.2,71208.3,134016.9,116603.2,27328.9,22183.7,67090.7,208640.6,120749.7,43180.6,44710.3,27092.6,270873.9,58302.5,68534.2,85257,16957.3,41822.9,190150.1,70288.4,119861.7,141943.5,181087.1,371015.7,210007.1,107281.2,53727.4,43517,90050.8,78215,22980,16347,4345,2855,2629,5792,55235,13430,3354,4996,4380,3875,6010,8710,3822,1520,2155,4771,2085,102.46,88.94,88.57,90.99,110.79,106.09,110.14,116.87,112.72,85.57,92.79,100.2,100.29
33,2008Q2,154212.839164222,1.6112333333333335,17.218833333333333,1.0311000000000001,1.0212,62.242933333333326,0.9863266666666667,0.9733033333333334,14.824706666666666,2.3,1.63,1.9,0.77,1.1,1.1,1.23,1.17,1.7,2.23,2.13,2.83,2.13,1.9,1.17,0.77,1.7,1.33,2.2,1.8,3.67,3.7,2.77,3.13,5.63,2.77,3596611.3,1009665.6,4826.9,665309.4,72457.4,17314.1,71500.2,34730.8,34103.3,42088.4,103478.4,100440.2,39102.6,87595.4,13615.1,48883.4,22529.3,13764,303235.9,104333.8,198902.1,2586945.7,512146.9,75996.7,190391,245759.2,193877.4,95211.4,11541.6,49031.6,38092.8,207863.1,72372.8,135490.3,117495.7,27398.3,22082.6,68014.8,209273.8,121669.6,43254.8,44349.5,27955.4,276226.4,59308.9,70409.9,86917.3,17294.2,42296.1,209337,87178.8,122158.2,141191.5,180622.6,376704.7,212661.4,108945.9,55097.4,43656.5,90594.6,76075,23204,15605,3854,2939,2310,6810,52871,13611,2954,5305,4125,3730,5097,8224,3679,1450,1938,4977,1509,103.36,89.57,104.14,93.02,111.27,106.13,111.88,116.77,113.33,85.57,93.09,100.59,101.95
34,2008Q3,155352.666066355,1.6111666666666666,17.005566666666667,1.0732333333333335,1.0298333333333334,64.62760000000002,0.99758,0.9501400000000001,15.684083333333334,2.3,1.57,1.77,0.63,1.07,0.93,1.03,1.13,1.7,2.33,2.1,2.87,2.13,1.8,1.37,0.7,1.73,0.97,2.17,1.83,3.67,3.7,2.4,3.1,5.5,2.9,3637521.3,1023247,4738.2,673804.4,72592.2,17441.9,72552.9,34633.3,34283.8,42459.6,104706.9,102305.2,41212.8,88444.5,13868.3,49302.8,22609.5,13847.5,308247.4,105550.8,202696.6,2614274.3,520309.3,77894.3,191525.5,250889.5,195425.8,95927.4,11990.5,49236.6,38271.3,207695.3,71894.3,135801,117906.9,27729.2,22031.4,68146.3,211605.7,123330,43595.7,44679.9,29192.6,278650.9,59443.7,71184.5,87283.7,18041,42698,215044.6,89518.7,125526,140293.9,180157.9,382503.2,215428.2,110551.5,56523.5,44138.9,91349.4,73317,22323,15119,3788,2685,2144,6398,50994,13381,3079,5014,4014,3599,4512,7561,3422,1382,1319,5669,1640,104.19,90.01,89.97,93.88,110.43,105.62,113.57,116.86,113.08,86.0,93.26,100.57,101.75
35,2008Q4,152069.174992362,1.5250333333333332,14.896099999999999,1.1592666666666667,0.9588333333333333,51.01193333333333,1.2092033333333332,0.7776733333333333,16.947243333333333,2.57,1.93,2.1,0.97,1.47,1.27,1.4,1.6,1.9,2.73,2.47,3.17,2.33,2.13,1.6,0.97,2.13,1.57,2.4,2.13,4.5,4.07,3.63,3.57,5.73,3.4,3594767.5,1002554.9,4790.5,664227.2,72590,16682.9,71132,34120.3,34253.5,41542.4,102367.2,101942.6,39869.8,86950.2,13879.6,48896.6,22681.2,13719.8,297136.3,101866.9,195269.3,2592212.6,519628.7,76473.6,189978.1,253176.9,196585.3,97636.8,11723,49240.4,37985.2,206442.4,71879.9,134562.5,116709.4,27485.9,21977.9,67245.6,211939.5,123744.9,43516.4,44678.1,29001,277101.3,58920.3,70917.4,86915.9,18371.3,41976.3,194867.5,70560.2,124307.3,138906.5,182117.8,384211.6,216389.5,110953.5,56868.6,43918.6,90783,52066,13983,9126,1844,1580,1188,4272,38083,8388,1914,2803,2852,2512,3424,6413,2732,1339,1442,5174,1602,104.67,89.74,105.2,92.57,111.21,105.86,108.83,115.56,112.89,86.93,93.4,100.89,101.65
36,2009Q1,149335.01768145,1.4970999999999999,13.695333333333332,1.1497,0.9237333333333333,49.6659,1.2314800000000001,0.7615266666666667,16.817203333333335,3.17,2.4,2.67,1.27,1.9,1.6,1.67,2.07,2.47,3.4,3.2,3.53,2.87,2.73,2.03,1.27,2.8,1.6,3.0,2.7,5.0,4.7,4.37,4.57,6.33,4.33,3569175.2,992485,4628.2,656343.5,72425.7,16805.5,69743.4,33627.6,34175.7,41011.7,100539.4,100503.4,40006.9,85119,14042.2,48342.8,22829.5,13564.4,295119.4,101461,193658.4,2576690.2,512680.7,75762.4,189343.6,247574.8,195524.4,97753.6,11543.9,49111.4,37115.6,202151.5,71021.3,131130.2,117482.9,27398.6,21892.2,68192.1,215300.8,125232.6,43804.1,46264.1,29381,278159.6,59104,71241.9,87323.2,18651.1,41839.5,184475.4,60189.3,124286.1,140177.4,182682.5,384955,216668.7,111218.1,57068.3,43173.2,90545.9,49533,11555,6981,946,1020,809,3919,37978,7023,1635,4079,2600,2390,3424,5922,2486,1411,1716,5924,1758,104.55,91.05,91.58,91.0,111.33,105.94,105.43,111.15,112.79,87.09,94.62,100.88,100.28
37,2009Q2,149478.113215056,1.5137999999999998,14.030733333333336,1.1126,0.9525333333333333,53.468700000000005,1.1425400000000001,0.8443733333333333,16.290463333333335,3.43,2.47,2.67,1.17,1.93,1.47,1.6,2.3,2.67,2.97,3.67,3.63,3.23,3.1,2.03,1.27,3.2,1.93,3.2,2.93,4.47,4.87,3.57,5.43,6.63,4.87,3565311,989900.6,4620.6,646500,73268.2,15414.6,69013.8,33403.4,34442.3,40150.3,97464,98869.2,39294.1,83054.3,14118.7,48007.1,23085.7,13566.2,302128.1,104198.7,197929.4,2575410.3,506518.1,74981.6,186593.2,244943.3,191432.2,94982.5,11518.7,48845.1,36086,199137.5,69880,129257.4,117369.1,27288,21731.5,68349.5,214039.5,123270.6,43545.1,47223.8,29066.1,280555.1,59399.9,71877,88223.7,19381.5,41672.9,193196.5,68903.6,124293,141129.8,181450.2,386040.4,217281.8,111481.1,57277.5,44360.2,91115.7,49095,10953,6289,1078,979,724,4104,38142,7598,1718,3178,2235,2022,3279,6361,2685,1361,1815,5973,1938,104.04,91.56,106.27,91.29,112.08,106.18,107.22,110.36,112.53,87.09,94.73,100.96,101.19
38,2009Q3,151430.546154861,1.5196666666666667,14.5924,1.0630333333333333,0.9676666666666667,56.8958,1.1357599999999999,0.8853433333333333,15.563093333333333,3.9,2.7,2.9,1.1,2.1,1.6,1.9,2.63,2.97,3.37,4.13,3.83,3.53,3.47,2.23,1.33,3.53,1.53,3.57,3.37,4.63,5.27,3.63,6.33,6.9,5.67,3588967.7,992531.3,4595.5,641733.2,74128,15159.2,68696.7,33236.1,34744,40087.2,96511.5,96907,38718.3,81695.5,14174.3,47675.5,23680,13721.5,308801.1,106682.8,202118.3,2596436.3,510523.1,76171,186784.1,247568,190759.9,95274.1,11149.3,48250.8,36085.8,201355.6,71066.5,130289.1,118457.5,27069.3,21902.2,69485.9,216047.4,124521.5,43950.9,47574.9,29345.4,281995.4,59736.1,72505,88829.7,19430.6,41494,195810.6,71495.5,124315.1,143441,183106.7,389985.6,219610.6,112526.9,57848.1,44241.7,91366.4,44662,10430,6101,1224,881,715,3764,34232,7538,1644,2662,2108,1875,3719,5916,2113,1280,983,5003,1266,103.32,92.73,92.1,91.78,111.61,106.37,108.46,110.65,112.13,87.39,94.76,101.07,100.76
39,2009Q4,152491.98637053,1.5089666666666666,14.572066666666666,1.0207333333333333,0.9662000000000001,58.613733333333336,1.1382166666666667,0.9283133333333332,14.951300000000002,4.3,3.0,3.2,1.63,2.33,1.9,2.13,2.77,3.13,3.67,4.43,4.2,3.73,3.8,2.2,1.47,3.73,2.13,3.8,3.73,5.43,5.7,4.93,6.83,7.13,5.97,3569400,976753.9,4487.9,634549.3,72970.9,14960.5,68269.5,32812.3,34745.8,39874.6,95475.2,95666.8,38160.7,80257.6,14102.1,47253.3,23898.2,13553.1,300265.4,103935.3,196330.1,2592646,515096.8,76888,187080.4,251128.4,191332.8,97384.1,10824.7,47965.3,35158.8,201209.4,71300.4,129908.9,116558.3,26644.7,21499,68414.6,214986.2,124162.7,43697.4,47126,29282.8,281070.4,59456.8,72462.5,88921.9,19168.1,41061.1,186029,62552.5,123476.5,144909.5,185372.9,393107.3,221397.1,113317.7,58392.5,43866.4,89824.2,46800,10991,6496,1005,1198,726,3978,35810,7780,1709,2979,2311,1960,4164,6335,1912,1183,1002,4521,1913,102.0,92.66,107.33,92.14,112.23,106.55,108.78,111.15,111.87,88.03,94.62,101.21,101.46
40,2010Q1,154248.958088062,1.4641333333333335,14.701966666666669,1.0573333333333332,1.0159666666666667,58.664633333333335,1.1658333333333333,0.9558533333333333,15.487033333333335,4.03,3.03,2.9,1.57,2.27,1.57,2.0,2.87,2.8,3.13,4.17,4.57,3.63,3.93,2.17,1.4,3.57,1.67,3.57,3.43,5.2,5.4,4.57,6.97,6.87,5.9,3566018.7,974740.9,4480.5,632331.4,72194.3,14928.8,67811.4,33150.4,35654.6,39818,94471.1,95256.4,37937.5,79373.3,14289.4,47446.1,24187.8,13588.6,300152.6,104119.2,196033.4,2591277.8,514278.3,76226.4,189266.5,248785.4,191523.8,98339.3,10903.8,47655,34625.7,201601.1,71468.1,130133,116795.4,26496.5,21248.8,69050.1,213995.2,123832.2,43223.4,46939.6,28783.1,282411.1,59702.4,72944.5,89539.5,19419.4,40805.2,184486.9,61591.5,122895.4,145998.1,183709.5,393036.9,221213.1,113366.1,58457.7,44161.7,90496.8,51162,13150,7995,1304,1551,1039,4640,38012,8420,1968,3601,2425,2072,4587,6465,1612,1303,1467,4731,1433,103.04,92.21,92.84,93.29,111.47,106.56,109.87,109.21,111.3,88.08,95.59,102.29,101.4
41,2010Q2,155694.937090843,1.4103999999999999,14.627766666666666,1.1083333333333334,1.0782666666666667,61.892966666666666,1.2031033333333332,0.9783033333333334,16.242313333333332,3.63,2.63,2.43,1.2,2.0,1.3,1.53,2.47,2.33,2.53,3.6,4.1,3.3,3.07,1.8,0.97,3.1,1.7,3.17,2.93,4.33,4.9,3.5,6.0,6.67,5.13,3598484.4,985824.2,4500.6,633804.3,72650.9,14944.9,67467.8,32822.2,35731.3,40348.6,95004.1,96064.3,38162.4,78799.2,14234.3,47574.3,24691,13604.9,309223.3,107579.2,201644,2612660.3,515441,76773.3,191419.8,247247.9,188748,95289.2,11347.3,47680.4,34431.1,202546.9,72184.4,130362.5,116278.4,26429.1,21152.1,68697.1,213520.4,123660.1,42858.2,47002.1,28888.7,283396.1,59872.2,73524.6,90389.7,18972.3,40637.2,203480.2,80297.1,123183.2,146770.4,183670.8,394809.6,222177.7,113844.3,58787.6,44633.4,90476.3,56596,15798,10017,1897,2103,1247,5146,40798,9331,2329,2271,2646,2176,4535,8186,1719,1281,1636,5262,1601,102.94,93.12,107.54,94.04,111.89,106.16,110.87,109.27,109.84,88.08,95.54,102.58,102.19
42,2010Q3,156297.418014518,1.3328,14.196966666666668,1.0323333333333333,0.9931999999999999,58.947,1.20286,0.9324766666666667,15.251846666666667,3.37,2.5,2.17,1.03,1.9,1.17,1.3,2.2,2.2,2.4,3.2,4.0,3.17,2.63,1.9,0.93,2.87,1.23,2.97,2.6,4.33,4.73,2.87,5.97,6.4,4.9,3634403.3,996154.4,4563.8,638438.6,73526.4,14900,68105.4,31792.1,36325.3,40801.7,96512.4,96713.6,38106.5,79170.9,14347.3,48136.9,24917.8,13870,314364.2,108706.8,205657.4,2638248.9,518535.5,77892.2,192773.6,247869.6,190230.5,95933.9,11218.8,48354.1,34723.7,199243.5,69764.4,129479.1,118409.4,26357.3,21764.2,70287.9,216101.6,125018,42751.4,48332.2,29639.7,284293.7,59119.6,73845.1,91429.1,19450.6,40449.2,212440.3,88551.8,123888.5,148882.6,185304.4,399560.3,225693.6,114801.3,59065.4,44507.6,91099.7,57031,15385,10288,2166,2172,1358,4431,41645,10184,1880,3199,3017,2540,4905,7937,1858,1339,1268,4499,1559,102.31,93.31,93.07,93.58,110.77,105.66,109.79,109.25,109.46,88.37,95.39,102.42,101.1
43,2010Q4,157763.394018186,1.3237333333333332,14.3536,0.9733,0.9606666666666667,57.344366666666666,1.1799600000000001,0.9615900000000001,14.617233333333333,3.27,2.5,2.13,1.53,1.77,1.07,1.23,2.13,2.13,2.43,2.97,4.07,3.2,2.5,1.7,0.83,2.73,1.7,2.9,2.5,5.03,4.8,3.8,5.83,6.43,4.57,3626422.3,989196.6,4443.2,638263.8,73450.1,14892.2,67909.3,30949.9,36692.7,40271.7,96550.4,97841.3,37991,79102.3,14357.7,48255.1,25084.4,13959,307446.3,103774.2,203672.1,2637225.7,521015,77268.8,194517.8,249228.4,193589.2,99637.5,10905.9,48565.5,34480.3,198257.8,71151.9,127106,119289.4,26155.2,22357.8,70776.4,216418.7,124965.6,42451.6,49001.5,29829.3,284528.6,59084.7,72830.3,92094,19785.9,40733.6,199371.2,76185.5,123185.7,149798,187863.7,403602.6,229475.3,114801.9,59325.5,42907.1,90755,56133,16560,11253,2280,2572,1543,4578,39573,8392,1865,2783,3306,2615,4902,7985,1861,1472,967,4766,1274,101.04,93.77,108.35,94.23,111.32,105.69,109.72,109.2,109.21,89.1,95.3,102.24,101.79
44,2011Q1,158464.306850843,1.2874666666666668,14.514733333333334,0.9421666666666667,0.9552,56.4555,1.1442033333333332,0.9464466666666667,14.300289999999999,3.3,2.47,2.07,1.37,1.73,0.9,1.1,2.23,2.1,2.47,2.87,4.2,3.1,2.6,1.8,0.97,2.5,1.6,2.9,2.47,5.17,4.9,3.9,5.67,6.37,4.37,3609240.7,983835.7,4326.6,637402.7,72798.8,15771.7,66910.5,29765.6,36908.3,40014.4,96889,98577.6,38101,78748.6,14805.6,48111.6,25113.9,13973.2,303019.3,103135.5,199883.8,2625404.9,517321.6,76804.3,194797.9,245719.4,195913,98859.6,12561.9,50115.9,34375.6,196408.1,69319.2,127088.9,119962,25364.5,23084.3,71513.2,215723.3,124731.8,41582.5,49409.1,29031.2,284356.2,59002.7,72228.7,91804.3,20525.6,40794.9,193922.8,70416.5,123506.3,147753.4,188301.7,402764.5,230831.1,113422,58511.5,44330.1,89617.1,64606,19336,13419,2702,3151,1870,5133,45270,10299,1867,4295,3539,2583,5251,8739,1662,1363,1298,5498,1460,99.89,94.6,100.59,95.78,110.35,105.71,111.92,109.3,107.33,89.37,97.03,102.65,102.0
45,2011Q2,159436.255037278,1.2537,13.902333333333333,0.8708333333333335,0.9001333333333333,54.5537,1.0659366666666668,0.9243666666666668,13.381623333333332,2.73,1.93,1.7,1.0,1.3,0.67,0.83,1.77,1.77,1.93,2.23,3.5,2.67,2.03,1.3,0.6,2.03,1.6,2.4,1.9,3.8,4.13,2.77,4.5,5.63,3.1,3653813.4,995268.6,4307,641147.4,73052.9,16063.3,66948.1,29306.4,37467.2,40002.1,97852.5,100629.6,38463.5,78998.7,13800.7,48562.3,25327.6,14024.6,310462.1,107054.1,203408.1,2658544.8,518520.2,76956.6,197308.8,244254.7,192275.8,97513.4,12000.6,49128.9,33633,196226.3,68538.4,127687.9,121824.2,25534.2,24020.1,72269.9,215977.2,124463.5,41485.9,50027.8,29618.7,287988.7,59413.4,73494.5,92364.3,21179.9,41536.5,212061.1,85579.5,126481.6,150234.3,188626.4,408930.7,234730.3,114167.4,60033,45544.1,90717.1,64463,19332,13533,2642,3173,1810,5060,45131,10700,2038,3180,3573,2744,5034,8868,1358,1376,1467,5791,1745,99.98,95.1,108.28,96.18,110.52,105.95,113.28,108.76,107.31,89.37,97.0,102.55,102.59
46,2011Q3,158817.017737604,1.1664333333333334,12.755366666666667,0.8259666666666666,0.8432333333333334,50.60176666666666,1.0626266666666666,0.8670666666666667,12.862673333333333,2.6,1.8,1.67,0.9,1.17,0.6,0.8,1.7,1.73,1.97,2.17,3.43,2.53,2.03,1.23,0.83,1.97,1.13,2.37,1.73,3.6,4.17,2.43,4.3,5.13,3.0,3686038.5,1004981.4,4320.2,644376.9,73359.3,15962.5,67175.6,29533.1,37502,39858,98129.9,101084.5,38061.2,80162.4,14171.8,49376.5,25504,14097.3,316683,108635.2,208047.8,2681057.2,520468.8,77980.2,198143.8,244344.8,194532,98878,12333,49382.4,33938.6,190602.8,67024.3,123578.5,123897.1,25768.4,24530.6,73598.1,217759.5,125238.6,42243.5,50277.4,29514.1,292436,59488.9,74867.4,94508.9,20984.7,42586.1,219461.6,90066.6,129395,151401,190591.8,413174.9,235997.8,115997.7,61179.3,46050.7,91166.9,55910,15571,10728,1975,2633,1350,4436,40339,9828,1977,2723,2933,2152,3974,8192,1324,1625,997,5093,1674,99.03,93.95,95.88,95.71,109.35,105.82,111.38,109.52,105.96,89.59,96.88,102.72,101.48
47,2011Q4,158941.895264836,1.2296333333333334,13.5238,0.9124333333333333,0.8914333333333334,50.651399999999995,1.18001,0.9228666666666667,14.391060000000001,2.8,2.03,1.9,1.43,1.4,0.93,0.87,2.1,1.83,2.2,2.3,3.57,2.63,2.23,1.27,0.97,2.17,1.77,2.57,1.93,4.37,4.43,3.57,4.47,5.27,3.03,3670738.2,993375.1,4199.9,640844.4,72656.3,15635.1,66295.8,29729.2,37112.8,39701.9,97345.4,101189,38011.1,79683.1,14072.3,49412.5,25295.9,14215.2,308819.7,102457.6,206362.2,2677363.1,524668.9,78851.4,199053.2,246764.3,196236.3,101056.8,12307.1,49177.5,33695,189591,67936.3,121654.7,124618.8,25654.8,24873.6,74090.4,216390.6,124558.5,41945.2,49886.8,29912.2,295109.8,60206.2,75936.5,95790.2,20404.3,42772.7,203227.1,76794.6,126432.5,151940.9,192627.4,416474.8,238792.7,116269.6,61412.4,44423.6,92141.7,51435,14419,9931,1525,2747,1230,4060,37016,8423,1954,1904,2801,2157,3751,7811,1216,1415,1140,5131,1471,97.11,95.0,102.86,96.48,109.22,105.63,108.57,109.58,104.76,90.28,96.63,102.22,101.33
48,2012Q1,160068.350719201,1.2082,13.647033333333333,0.9209999999999999,0.9196666666666667,52.105133333333335,1.1632033333333334,0.97216,14.601609999999999,3.03,2.1,2.07,1.6,1.47,0.9,0.93,2.43,1.93,2.57,2.47,3.8,2.87,2.57,1.53,1.17,2.37,1.67,2.8,2.2,4.77,4.8,4.07,4.7,5.13,3.4,3676220.5,994209.1,4289,642138.7,73151.4,15222.5,65457.9,29880.2,38696.6,39846.3,97366.8,101601.6,37820.9,79123,13909.7,50061.9,25154,14424.2,308203.2,103422.5,204780.7,2682011.4,521257.9,78187.3,199012.8,244057.8,196143.6,101242.8,12869.7,49059.8,32971.3,187584.8,66178.4,121406.4,123564.8,25394.1,24829,73341.7,214929.3,122856.2,41951,50122,32400,298780.9,60588.2,77208.7,96818.6,19992.5,44173,201966.7,75099.3,126867.4,152626.8,193283.5,420977.9,240567.9,118766.7,61643.3,45893.4,92601.8,58246,16965,10945,2052,2636,1414,5494,41281,8414,1869,3063,2641,2023,4303,8469,1868,1532,1535,6032,1554,97.79,95.6,92.98,96.97,108.42,105.62,108.84,109.44,103.01,90.79,97.78,102.73,101.11
49,2012Q2,160573.392433991,1.2014666666666667,13.4838,0.9365666666666667,0.927,47.80426666666667,1.1693733333333334,0.9454233333333333,14.854006666666669,2.87,1.87,1.8,1.2,1.2,0.83,0.77,2.3,1.7,2.17,2.27,3.57,2.73,2.47,1.4,1.07,2.13,1.73,2.6,2.03,3.93,4.43,3.1,4.47,4.83,2.97,3714337.1,1002098.5,4308.5,642564.8,74038.3,15093.3,65559,29538,38719.7,39684.3,97414.2,101146.7,37671,79329,13702.9,50668.4,25031.9,14147.2,316046.1,108157.4,207888.7,2712238.7,520989.9,77892.4,200449.2,242648.3,194754.3,100047.6,12767.5,49292,32647.3,188915,66271.4,122643.6,123454.1,25381.4,25404.9,72667.8,215812.1,123161.4,42005.8,50644.9,33008,301350.5,61390.1,77709,97917.8,20110.9,44222.7,218907.1,89791,129116.1,154304.6,194570,425506.7,242967.9,120767.2,61771.6,47920.4,92746,55413,15530,10537,2002,2502,1335,4535,39882,8384,1927,2216,2361,1871,4129,8390,1598,1483,1814,6231,1350,98.29,95.49,100.47,96.81,108.62,105.61,109.65,109.31,103.49,90.79,97.66,102.81,101.55
50,2012Q3,161303.073306786,1.2036666666666667,14.252899999999999,0.9618666666666668,0.9661666666666666,47.40326666666667,1.2236900000000002,0.9990266666666666,15.182229999999999,2.87,1.87,1.8,0.93,1.17,0.83,0.73,2.13,1.83,2.23,2.37,3.43,2.57,2.4,1.5,1.27,2.27,1.23,2.57,2.1,4.0,4.5,2.8,4.7,4.73,3.1,3759474.4,1010498.9,4448.3,643181.6,74469,14337.9,65902.4,29197.2,38851.7,39751.4,98269.4,100181.5,37527.3,79617.8,13572.6,51503.2,24865.3,14622.3,323381.5,109611.1,213770.4,2748975.6,527245.2,79518,203852.6,243874.6,197288,101569.8,13714.5,49079.6,32924.1,187171.7,65431.1,121740.6,128219.7,25857,26009.2,76353.5,217588.6,123529.6,42620.2,51438.9,33675.2,305324,61406.9,79493.6,99669.5,20143.9,44610.1,227515.4,95950.1,131565.3,156496,196178,430893.3,245935,122215.8,62742.4,48534,92846.5,53323,14803,9957,1699,2139,1390,4402,38520,9052,1866,1961,2658,2115,3808,7574,1521,1542,1213,6372,951,98.26,95.9,91.57,96.86,107.13,105.42,108.68,108.59,103.28,91.19,97.45,102.69,100.95
51,2012Q4,161818.350106109,1.2080333333333335,14.0082,0.9311999999999999,0.9396999999999999,45.229600000000005,1.1475166666666665,0.9673433333333333,14.770063333333335,3.13,2.17,1.93,1.57,1.43,0.97,1.1,2.47,1.93,2.57,2.67,3.73,2.7,2.67,1.67,1.37,2.47,1.87,2.8,2.33,4.73,4.83,4.07,5.1,5.17,3.43,3741076.9,992846.6,4230.9,635423.2,73780.6,13970.2,64873.3,29122.2,38477.7,39528.8,97058,98971.1,37116.5,77741.1,13347,51436.6,24460.7,14465.6,314266.3,103840.4,210425.9,2748230.2,530610.2,80051.2,203012.2,247546.8,200735.5,105402.3,13432.7,49025.4,32875.1,186181.3,66992.3,119189,129944.4,25680.6,25360.6,78903.3,215816.3,122261.1,42513.9,51041.3,34373.7,306787.8,61955,80490,100001.2,19865.3,44476.2,211676.9,81655.9,130021,156889.2,198802.5,435530.5,247978.5,122867.5,64684.5,47463.2,93418.7,51427,13147,8889,1736,1938,1044,3773,38280,9130,1584,2493,2699,2022,3391,7429,1563,1432,1269,6031,1259,97.79,95.74,98.23,96.71,107.15,105.12,108.06,107.07,103.51,92.03,97.2,102.53,100.98
52,2013Q1,162237.170042162,1.2280666666666666,14.461366666666668,0.9301,0.9224666666666667,46.553066666666666,1.00877,0.9657233333333334,14.818620000000001,3.3,2.47,2.17,1.6,1.57,0.97,1.03,2.7,2.17,2.97,3.03,4.0,2.83,2.97,1.8,1.73,2.7,1.8,3.03,2.67,4.97,5.2,4.8,5.37,5.4,3.9,3733618.5,988881.8,4273,632793.1,73774.3,13846,64132,28833.6,38956.6,39364.5,96486.4,99456.5,36290.3,77317.5,13012.7,51322.6,24584.6,14602.7,312628.4,105397.7,207230.6,2744736.8,526886.9,80600.8,203936.4,242349.6,200513,105509.8,13514.7,48657.9,32830.7,184801,66032.1,118768.9,131694.3,25512.9,25527.7,80653.7,215479,121320.6,42828.4,51330,34090.7,308273,62112.3,81227,100597.4,19424.8,44911.6,205495.2,73979.6,131515.6,158316.8,199687.7,437986.4,248769.3,124081.7,65135.4,48230.5,93282.3,57685,15047,9622,2003,2048,1175,4865,42638,8441,1914,3132,3069,2233,4257,8605,1856,1372,1904,6667,1421,98.44,96.51,90.1,96.61,106.11,104.6,108.57,106.77,103.05,92.14,98.38,103.1,100.73
53,2013Q2,163623.260248406,1.2309999999999999,14.3759,0.9423333333333334,0.9207666666666666,45.58213333333333,0.9553133333333333,0.93357,15.182353333333333,3.1,2.2,1.83,1.2,1.43,0.87,0.93,2.3,2.0,2.5,2.63,3.63,2.7,2.53,1.6,1.43,2.3,1.83,2.77,2.33,4.23,4.87,3.7,5.03,5.47,3.53,3765842,996792.8,4335.1,631403.1,73426.1,13685.6,63660.6,29258.7,39529.9,39284.9,95746.7,99803.6,36104.8,76759.6,12964.2,51178.5,24658.8,14601.6,321794.2,110882.5,210911.7,2769049.2,526260.8,80134.3,204946.2,241180.4,197921.2,102547.2,14419,48851,32104.1,185139.4,65358.5,119781,132396.1,25606.8,25167.9,81621.4,214038.6,120394.3,42825.4,50818.9,34679.5,309522.3,62784.5,82703.8,100563.8,19614.9,43855.5,223913.4,90227.2,133686.2,160473.6,199382.9,441163.1,249925,125481.9,65756.2,49740.1,94418,57896,14426,10023,2064,2166,1223,3888,43470,8579,1842,3294,3535,2826,3732,9211,1828,1804,1832,6034,1777,99.23,96.82,96.51,96.58,106.84,104.63,108.08,106.4,103.75,92.14,98.38,103.21,101.12
54,2013Q3,164415.718279332,1.2345333333333335,14.227766666666668,0.9319999999999999,0.8969,40.7534,0.94216,0.8536733333333334,15.1051,3.1,2.23,1.87,0.97,1.43,0.77,1.0,2.3,2.03,2.63,2.57,3.53,2.57,2.67,1.6,1.2,2.33,1.2,2.7,2.37,4.13,4.87,3.27,5.13,5.43,3.73,3800700.2,1006368,4350.2,635755,74449.2,13621.4,63639.7,28703.7,39940.7,38451.7,95966.3,101156.7,36171.7,77258.4,15167.4,51228.1,24850.3,14685.1,326727.4,112535.3,214192.1,2794332.2,529529,80715.7,205982.8,242830.5,199209.5,103102.3,14202.5,49467.2,32437.4,185740.9,65707.4,120033.5,132733.4,24815.8,25793.4,82124.1,215422.2,121296.5,43320,50805.7,35070.6,311725.3,62212.9,84185.6,101237,19543.3,44546.5,234473.7,97808,136665.6,160625.8,203973.7,442985.3,251163,126374.7,65447.6,49708.6,93134.3,57211,14788,10363,1871,2270,1082,4051,42423,7347,2139,3344,3964,3215,3847,8377,1990,2015,1215,6333,1851,100.12,97.25,88.3,97.19,105.91,104.58,107.85,106.31,102.9,92.72,98.23,103.47,100.91
55,2013Q4,164837.194449451,1.2294,13.866333333333332,0.9032333333333332,0.8607333333333335,39.6418,0.8998933333333333,0.8377466666666665,14.728396666666667,3.3,2.47,1.97,1.27,1.57,1.07,1.03,2.57,2.27,2.93,2.63,3.73,2.7,2.93,1.77,1.27,2.4,2.0,2.93,2.57,4.73,5.07,4.47,5.43,5.53,4.0,3780306.1,996597.5,4264.6,634805.9,74078.7,13551.5,63453.6,28645,39817.1,38667.4,96524.9,101002.3,35977.7,76419.9,15010.8,51657,24923,14756.7,317847.3,106112.5,211734.8,2783708.6,532384.1,79414.2,205213.9,247755.9,200557.2,105137.7,13829,48936.1,32654.4,185033.9,66594.8,118439.1,132802.8,24690.7,25033.5,83078.6,214411.2,119621.1,43159.4,51630.7,34943.2,312015.4,62130.6,83070.2,103133.4,19203.6,44477.6,216363.3,83670.7,132692.6,161130.5,206291.8,444877.5,252208.7,126963.4,65705.4,49325.7,93572.2,55392,14000,9900,1736,2044,1119,3751,41392,8475,1826,2301,3645,2696,3757,9038,2244,1759,763,6117,1467,99.14,97.01,94.23,97.43,105.37,104.23,106.83,104.88,103.77,93.91,97.95,103.35,100.94
56,2014Q1,165349.646714705,1.2234333333333334,13.8072,0.8929333333333332,0.8097666666666666,37.760266666666666,0.8685866666666667,0.8008266666666667,14.589996666666666,3.37,2.53,2.0,1.37,1.7,1.03,1.07,2.6,2.33,2.97,2.7,3.67,2.8,3.03,1.77,1.33,2.5,1.8,3.0,2.67,4.73,4.97,4.67,5.43,5.63,4.0,3774496.7,995603.9,4341.9,634728.9,73374.5,13499.7,62793.7,29036.2,40236.6,38977.8,96918.4,102422.3,36106.7,75835.9,14979.7,50547.4,25133.3,14777.5,316622.3,106018.8,210603.5,2778892.9,531425.2,79336.6,206300.5,245788.1,202214.6,106041.1,13992.5,49208.4,32972.6,185475.1,65919.3,119555.8,136693.4,25808.1,25651.8,85233.6,214347.8,119668.8,43262.8,51416.1,35197.4,312194.3,62093.3,83839.7,102395.5,19709.2,44156.7,208841.8,76578.8,132263.1,159189.4,205624.3,445792.8,252070.7,127303.7,66418.4,49310.2,92586.7,61844,16304,11332,2344,2155,1357,4596,45540,8482,2002,3926,4044,3218,4360,8781,2473,1899,1408,6413,1754,99.57,97.47,87.34,97.81,105.19,103.62,106.71,103.96,103.31,93.96,99.46,102.11,100.71
57,2014Q2,166295.824693259,1.2191999999999998,13.468966666666667,0.8888666666666666,0.815,39.84813333333333,0.8703533333333334,0.8294,14.438493333333334,3.07,2.2,1.8,1.03,1.5,0.93,0.9,2.13,2.13,2.47,2.4,3.23,2.67,2.67,1.6,1.03,2.1,1.73,2.67,2.33,3.73,4.43,3.5,4.93,5.47,3.4,3794232.1,1003585,4433.7,633162.6,73782.1,13778.8,62213.2,28608.4,40457,39023.9,95849.4,102800.4,35646.5,75623.4,14731.3,50648.2,25241.7,15034,325713,113415.9,212297,2790647,525176.5,78751.4,205027.5,241397.6,199206.9,103209.1,14321.1,49038.9,32637.8,186007.7,65190.2,120817.5,137763.6,25943,25241.3,86579.4,214304.8,118785.4,42738.8,52780.6,35298.3,312578.7,61450,84081.4,102036.2,19999.2,45011.9,226819,91493.2,135325.7,159322.4,205011.3,443473.4,249168,128060.9,66244.5,50109.8,95574.7,59709,15694,11643,2223,2367,1311,3687,44014,9831,1889,3085,3413,2450,4409,7863,2008,2021,1163,6620,1711,100.21,97.87,94.28,97.93,105.99,103.74,107.07,103.25,103.86,93.96,99.25,102.45,101.22
58,2014Q3,166848.956731204,1.2115333333333334,13.160000000000002,0.9140333333333334,0.8396333333333333,40.2294,0.8793199999999999,0.8453166666666667,14.856306666666667,3.03,2.23,1.77,0.67,1.4,0.8,0.9,2.0,2.07,2.57,2.3,3.13,2.53,2.87,1.73,0.97,2.07,1.17,2.63,2.13,3.63,4.37,3.1,4.93,5.43,3.47,3828341.4,1012558,4490.7,638587.2,74824.8,13779.8,62566.4,28936.8,40646.8,39149.2,96785.2,103721.3,35712.3,76585.4,14965.5,50913.7,25679.9,15518.3,328281.9,112703.7,215578.2,2815783.5,527418.8,80244.6,205410.5,241763.7,199894.9,104119.8,14281.7,48677.2,32816.1,187228.9,64713.3,122515.6,137867.1,25986.7,25321.4,86559,214963.1,119250,43245.7,52467.4,35053.7,316066.1,61659.5,84841.6,104645.5,20215.6,44703.8,234773.2,97775.1,136998.2,160234.9,205891.9,451797.7,255725.6,129667.2,66404.9,50578.7,94014.4,57344,14083,10398,2024,2001,1181,3118,43261,9383,2001,3235,3437,2559,4425,8332,2047,2014,824,5873,1689,101.11,97.96,87.83,98.2,104.43,103.44,106.81,103.28,103.45,94.16,98.78,102.71,100.92
59,2014Q4,167265.563119688,1.2042666666666666,12.985766666666668,0.9643666666666667,0.8487333333333335,37.90823333333333,0.8427166666666667,0.82497,15.716963333333334,3.23,2.43,1.9,1.13,1.5,0.9,1.07,2.13,2.1,2.73,2.37,3.5,2.6,3.03,1.8,0.97,2.2,1.9,2.83,2.23,4.2,4.63,4.27,5.03,5.33,3.77,3814009.3,997835.8,4377.1,634403.3,74531.6,13712.5,62447.9,28344.3,40631.8,38589.3,94871.3,103272.7,35553.8,76429.4,14976.2,51042.5,25464.8,15560.5,318030,105667.7,212362.3,2816173.5,531072.1,79547.9,205840.8,245683.4,201884,106306.8,13594.3,49215.1,32767.8,185950,65725.5,120224.5,136430.8,25538.3,25417,85475.5,214590.7,118927.7,42994.5,52668.4,35615.2,317478.4,62311.6,85654.1,104323.9,20210.1,44978.7,217715.5,82995.9,134719.6,161660.5,210307.8,460424.1,261299.1,130734.5,68390.5,48642.7,94401.9,55420,13736,9937,2270,2008,1208,3291,41684,8825,2108,2588,3489,2541,4240,7427,1508,1844,1479,6442,1733,99.7,98.0,94.86,97.88,104.55,103.44,105.78,103.97,103.09,94.73,98.38,102.52,100.81
60,2015Q1,166465.223479643,1.0738333333333332,11.4641,0.9524333333333334,0.7700999999999999,33.44346666666667,0.7985866666666667,0.7485566666666665,15.537623333333334,3.47,2.57,2.07,1.43,1.63,1.0,1.17,2.23,2.27,3.0,2.57,3.83,2.73,3.33,1.93,1.2,2.37,1.83,3.07,2.5,4.33,4.87,4.93,5.57,5.57,4.17,3804217.7,997161,4361,632909.2,74890.3,13682.3,62002.3,28219.3,41296,39077,93934.4,102866.1,35064.2,76622.6,15356.5,49898.3,25694.2,15498.9,318697.5,106049.3,212648.2,2807056.7,526089.5,80518.7,204525,241045.9,203557.2,107421.7,13664.1,49815.4,32656,183533.2,64806.7,118726.5,138131.4,25530.6,27490.3,85110.6,214981.3,118898.7,42888,53194.5,33792.7,318520.4,62843.8,86024.6,104699.2,20243.1,44709.7,211344,75135.1,136209,159819.1,211602.7,461080.1,262482.2,131526.1,67071.8,49861.3,94743.7,57568,13478,8537,1362,1809,1002,4334,44090,8744,2198,3706,3566,2676,4440,7141,1881,2056,1131,7027,2199,99.31,98.35,88.23,97.38,103.41,103.34,103.02,103.71,101.7,95.04,99.6,102.08,99.97
61,2015Q2,166507.952594821,1.0409333333333335,11.192599999999999,0.9418666666666665,0.7658999999999999,30.656566666666667,0.7765533333333333,0.7323266666666667,15.381016666666667,3.33,2.33,1.83,1.03,1.47,0.83,0.97,2.07,2.1,2.6,2.47,3.57,2.67,3.17,1.83,0.97,2.23,1.9,2.87,2.3,3.4,4.57,3.63,5.1,5.47,3.8,3836420.9,1001491.2,4499.7,630597.1,75462.4,13579.3,62159.8,28334.8,41759.4,38138,93480.5,103113.2,34356,75693.6,15048,49472,25941.2,15472.6,324980.7,109971.4,215009.2,2834929.7,530226,80447,207449.3,242329.7,199954.1,104862.5,13924.1,49580.7,31586.7,184014.8,63653.9,120360.9,137413.5,24435.8,27569.7,85408.1,214984,118451.5,42970.3,53562.3,34401.6,320122.5,62722.5,87666.8,104806.2,20826.4,44100.5,229577.7,91778,137799.7,159695.1,213048.5,463415.9,264146.1,131921.1,67348.7,51966.4,96109.5,53885,11906,8153,1461,1618,986,3259,41980,8096,2074,3016,3600,2744,4525,7319,2028,1783,1635,6433,1471,99.38,97.63,94.38,97.56,103.8,103.29,102.26,103.15,101.5,95.04,99.24,101.64,100.1
62,2015Q3,167139.458162372,1.0729333333333333,11.376100000000001,0.9642333333333334,0.7371666666666666,27.440633333333334,0.78909,0.6995466666666666,15.41389,3.3,2.4,1.9,0.63,1.5,0.77,0.97,2.0,2.13,2.63,2.63,3.5,2.67,3.17,1.83,1.03,2.27,1.33,2.9,2.3,3.2,4.6,3.2,5.13,5.53,3.97,3850722.4,1004225.2,4500.2,629723,75989.8,13384.5,61951.5,28411.2,41717.5,38030.6,92541.8,103155.3,34386.7,75386.1,14964,49804,26154.8,15724.4,328122.9,109046.1,219076.7,2846497.2,526129.8,80638.2,204609.3,240882.3,202100.5,104279.5,14329.4,50616.8,32874.8,181536.1,62211.6,119324.4,136738.2,24270,27343.1,85125.1,216853.8,118269.2,43618.8,54965.8,34354.6,321219.6,63059.7,86581.8,106028.3,20975.5,44574.3,233767.6,94404.8,139362.8,160293.4,213418.3,471814.8,269201.9,133711.5,68901.4,53398.5,94872.2,49970,10333,7647,834,1450,1036,2211,39638,7619,1832,2272,3661,3008,4735,6467,1764,1673,1699,6691,1225,99.78,97.98,87.68,97.36,101.86,103.04,101.66,102.79,101.14,95.33,98.75,101.42,99.53
63,2015Q4,167630.73768141,1.0846333333333333,11.663499999999999,0.9908666666666667,0.7427,25.763066666666663,0.81597,0.71382,15.514403333333334,3.57,2.7,2.1,1.03,1.73,0.97,1.13,2.33,2.3,2.97,2.87,3.7,2.9,3.27,1.9,0.93,2.5,1.97,3.13,2.47,3.83,4.67,4.37,5.5,5.63,4.23,3835863.5,991860.7,4447.6,627082.4,76026.6,13250,61973.2,28316.4,41955.2,37485.2,92866.6,101663.9,33810.1,74171.7,15074.1,50489.5,25840.3,15584.7,318905.7,103821.2,215084.5,2844002.8,524411.3,80518.7,203843.5,240049,202743.6,106613.1,13581.3,50053.1,32496.1,185512.1,63914.6,121597.5,136955.5,24117.8,27270.3,85567.4,213518,114480.7,43721.4,55315.9,35049.7,324867.6,63349.8,88659.5,107419.1,21056,44383.2,220524.4,85603.9,134920.4,160381.2,216528.9,474082.2,271659.3,133698.4,68724.5,53125.7,96302.7,50090,10520,7634,1343,1396,1056,2426,39570,6681,2171,1775,3764,2975,4412,6612,2499,1669,1710,6033,2244,98.92,97.48,94.96,97.01,102.2,102.94,100.64,101.27,101.27,95.89,98.1,101.46,99.44
64,2016Q1,168306.515343521,1.0957,11.753633333333333,0.9939,0.7229666666666666,25.462233333333334,0.8621133333333333,0.7168833333333334,15.215703333333332,3.8,2.87,2.27,1.3,1.97,1.13,1.2,2.53,2.47,3.23,3.1,4.03,3.1,3.43,2.03,1.2,2.73,1.9,3.37,2.87,4.03,5.03,4.97,6.0,5.73,4.77,3805261.5,979429,4518.4,618168.8,74762.6,12655.3,61654.9,27669.2,42196.6,37298.2,90191.3,100931.3,32997,73621.1,14783.6,49407.7,25634.6,15685.1,315422.2,103366.6,212055.6,2825832.5,521571.9,80500.6,201125.6,239945.7,200105,105713.4,13759.6,48642.3,31989.8,184100.2,63328.6,120771.6,138671.5,23974.9,27451.5,87245.1,211682.8,114590.6,42590.4,54501.8,36103.4,324244.8,63012.5,89186.1,106756.6,21142.6,44147.1,206619.4,72402.7,134216.7,160300,215825.8,479191.3,273172.5,135749.4,70269.5,53080.1,94336.2,52670,10943,7858,881,1762,1228,2547,41727,6839,2565,2771,4306,3636,4955,6775,1742,1965,1325,7066,1418,98.68,97.61,89.47,96.76,101.72,102.97,99.19,101.57,100.87,95.86,99.3,100.14,98.98
65,2016Q2,169462.55867943,1.0962,11.818433333333333,0.9704,0.7529666666666667,27.684866666666665,0.8977933333333333,0.7239266666666667,14.861663333333334,3.57,2.6,2.0,0.9,1.7,1.0,1.1,2.27,2.3,2.63,2.83,3.9,2.97,3.23,1.77,1.03,2.43,1.9,3.1,2.5,3.23,4.53,3.6,5.5,5.4,4.33,3834737.7,987191.5,4476.3,616899.9,75234.6,12545.7,61523,28056.9,42372.5,36961.3,90811.1,99464.9,32721.4,73135.5,15055.2,49017.7,25535.3,15853.6,324426.5,107526.7,216899.7,2847546.2,521416.9,81232,202101.9,238083,200349.1,103920.1,14641.4,50375,31412.6,183939.4,62065.3,121874.1,138309.7,24209.5,27383.4,86716.9,209217.7,113775.1,41235.9,54206.7,37588.5,328859.1,63684.8,91273.3,107535.6,21704.1,44661.3,224006.9,86997.7,137009.1,160284,216505.3,479213.7,272834.7,136119,70259.9,53310.4,94545.5,54383,11412,8173,955,1597,1315,2706,42970,7580,1888,2942,4384,3763,4936,7077,1904,1948,1409,7391,1512,99.69,97.36,96.48,97.18,101.03,102.99,100.19,101.62,103.1,95.86,98.95,100.05,99.71
66,2016Q3,170252.603488547,1.0888333333333333,11.448966666666665,0.9755666666666666,0.7482000000000001,30.050233333333335,0.9527333333333333,0.73988,14.638763333333332,3.53,2.57,1.93,0.83,1.6,0.9,1.17,2.3,2.3,2.67,2.83,3.67,2.97,3.23,1.77,0.97,2.4,1.23,3.0,2.33,3.1,4.6,3.17,5.73,5.47,4.6,3857005.7,987459.9,4501.1,615560.1,74514.7,12638,62330.3,27428.2,42851.7,37036,90716.2,98403.1,32353.9,73417.8,14777.8,49092.6,25825.8,16118.4,325454.5,108663.5,216791,2869545.8,525428,82087.1,202649.9,240691,202017.9,104603.4,14716.2,50939.3,31758.9,182151.6,62935.9,119215.6,137430.8,24508.3,27207.4,85715.2,210231.2,112968.3,41987.6,55275.3,36783.7,331604.1,63877.5,92101.1,109197,21608.4,44820.1,231442,94008.8,137433.2,160169.2,217254,486571.2,277972,137785.8,70813.5,53409.5,95052.6,54567,10997,8160,991,1402,1396,2359,43570,8356,2031,2990,3641,2952,4677,7177,1612,1863,2067,7055,2102,100.83,97.31,89.51,97.31,99.94,102.58,99.33,101.27,103.44,96.24,98.69,99.64,99.36
67,2016Q4,169654.985019785,1.0798666666666668,11.073500000000001,1.0006000000000002,0.7498333333333332,30.350566666666666,0.9165766666666667,0.7502733333333333,14.664313333333334,3.7,2.8,2.03,1.13,1.8,0.97,1.17,2.37,2.37,2.8,3.03,3.9,3.0,3.3,1.73,1.2,2.5,1.83,3.2,2.4,3.63,4.77,4.07,5.97,5.47,4.77,3847618.6,974650.3,4466.4,609668,75075.6,12467.2,61778.2,27324.3,41970.2,36852.5,89273.6,96583.5,31526,72998.5,14703,49115.3,25651.3,15897.7,318966.9,103134.7,215832.2,2872968.3,524553.1,81559.9,200205.3,242787.9,204270.9,107527.5,14666,50561.3,31516.2,183248.5,64625.2,118623.3,138813.7,24566.4,26835.2,87412.1,208855.9,110684.4,42461.4,55710.1,37188.2,335528.9,64185.9,94172.6,109679.7,21785.1,45705.6,219806.4,82701.9,137104.5,160695.2,220326.6,491447.8,280166.2,139400.3,71881.3,52167.7,96065.3,53147,11540,8981,1083,1409,1363,2054,41607,7537,2372,2120,4491,3739,4416,6979,1293,1760,1285,7279,2075,99.75,97.38,94.66,97.8,99.59,102.35,99.17,100.35,101.52,96.43,98.09,99.65,99.26
68,2017Q1,169623.814832006,1.0692666666666666,11.2515,1.0041333333333333,0.7588333333333334,31.93133333333334,0.8832599999999999,0.7607333333333334,14.584746666666666,3.7,2.9,2.03,1.4,1.97,1.03,1.2,2.47,2.5,2.8,3.07,3.93,3.07,3.63,1.9,1.27,2.6,1.7,3.27,2.5,3.8,4.8,4.47,6.37,5.27,5.17,3821074.9,969395.3,4515.3,607685,74869.9,12295.3,61183.2,27793.5,43183.4,36379.5,88850,95634.6,31556.8,72379.5,14841.2,48718.1,25059.4,15773.2,316362.4,103861,212501.5,2851679.6,516986.7,80685.3,200874.8,235426.6,202321.7,106276.6,13858.4,51111.5,31075.2,180546.8,62847.7,117699,136997.3,24821.8,26378.6,85796.9,208764,109781.7,42221.2,56761.1,37888.5,334148.8,64722.2,93914.3,109598.2,21673.7,44240.4,211584.7,75033.9,136550.8,159677.2,220550.6,493095.5,280783.1,140099.7,72212.7,52624.6,96493.2,59879,13628,9842,1404,1870,1241,3249,46251,8082,2938,3325,4358,3532,5765,7312,1699,1983,1591,7438,1760,99.78,97.6,90.52,98.18,99.0,102.32,101.11,99.98,101.68,96.43,99.55,99.31,99.5
69,2017Q2,169807.024642088,1.0831666666666666,11.186000000000002,0.9852333333333333,0.7328666666666667,30.7094,0.88706,0.73983,14.3677,3.33,2.53,1.8,0.97,1.67,0.83,1.03,2.1,2.3,2.33,2.7,3.57,2.83,3.27,1.7,0.9,2.3,1.63,3.0,2.1,3.13,4.2,3.2,5.47,4.93,4.47,3849523.1,980284.3,4532.3,608719.6,74550.6,12181.4,61103.4,27647.8,43641.9,37547.4,88639.9,96453.9,31027.3,72473.1,15034.8,48418.2,25342.6,16057.4,325632.4,108073.3,217559.1,2869238.7,515009,79831.2,202712.1,232465.7,201423.2,105470.8,14248.1,51227.3,30477.1,182032.6,62715.2,119317.4,137624.9,24587.4,26601.3,86436.2,207185.5,108419,42132.7,56633.7,37543.6,337698.6,65426.8,94719.5,109964.9,21480.4,46107,227509.4,91828.1,135681.3,160826.4,220216.5,493076.8,279959.1,140653.2,72464.5,54333.6,94758.6,60070,13742,10281,1478,2001,1648,2935,46328,8984,3328,3235,4167,3401,5131,6807,1825,1837,1242,6794,2978,99.72,98.01,98.38,98.22,99.32,102.27,101.44,99.57,104.05,96.43,99.5,99.35,100.08
70,2017Q3,171805.719999635,1.1306,11.830733333333333,0.9625666666666667,0.7676666666666666,30.411266666666666,0.8671466666666666,0.7597133333333334,14.444166666666666,3.23,2.4,1.7,0.6,1.6,0.77,1.0,1.83,2.23,2.6,2.57,3.4,2.77,3.0,1.73,0.77,2.23,0.97,2.83,2.03,2.97,4.13,2.77,5.17,4.93,4.5,3884664.7,984855.4,4549.3,611239.6,75554.8,12412.8,61332.2,27804.3,44048.1,37745.3,88376.1,96141.3,30898.9,72783.6,15516.4,48625.9,25273.7,16110.2,327682.6,109943.7,217738.9,2899809.3,517765.6,79754.6,202964.2,235046.9,201362.8,104917.3,14274.1,51566.8,30604.6,182912.4,62268.1,120644.3,139895.1,24710.6,26851.2,88333.3,208258.2,108023.7,42345.2,57889.3,38924.4,338243.5,63798.7,94972.5,111309.6,21882.6,46280.1,235074.2,96259,138815.2,161967.4,222357,498685.3,282054.7,142588.3,74042.2,56842.3,97521.1,58638,14062,10543,1536,2091,1737,2920,44575,7061,2852,3612,3428,2699,5089,8168,1921,1897,1537,6795,2215,100.91,97.9,92.29,98.5,98.07,102.21,100.3,99.49,104.52,97.22,98.89,99.45,99.84
71,2017Q4,173621.098749493,1.1624999999999999,11.865366666666667,0.9868333333333333,0.7765000000000001,30.36883333333334,0.8741,0.7585899999999999,14.927373333333334,3.3,2.33,1.77,0.93,1.77,0.9,1.1,1.93,2.27,2.77,2.63,3.47,2.8,3.03,1.7,0.9,2.27,1.7,3.03,2.13,3.37,4.07,3.5,5.2,4.97,4.43,3879751.8,979329.6,4497.4,610479.2,74788.7,12262.1,61106.9,28055.9,44055.2,37201.8,88037.3,97728.2,30942.3,72743.1,15437,48120.8,25043.3,16105.5,323204.3,106723.6,216480.7,2900422.2,514170.2,79584,199759.2,234827,205426.9,108753,14512.3,51836.9,30324.7,185894.3,63379.9,122514.4,142898,24825.3,26721,91351.7,205852.9,105981.3,42077.5,57794.1,38486,339449.2,64401,95318.9,112467,21959.4,45302.9,221504.2,84363.9,137140.3,162831.4,227867.8,502027.3,283565,143694.7,74767.5,56692.8,97321.2,62103,15008,11019,1412,2605,1764,3305,47094,7535,2729,2927,3897,3153,5740,8795,2516,1839,1429,6923,2765,100.19,97.93,99.45,98.85,98.56,102.12,100.84,99.32,102.69,97.73,98.52,99.6,100.02
72,2018Q1,175172.731363573,1.1650333333333334,11.681700000000001,0.9476000000000001,0.7496333333333333,29.161166666666663,0.87527,0.74505,14.90249,3.2,2.27,1.97,1.03,1.67,0.8,1.17,1.83,2.27,2.93,2.73,3.57,2.83,3.4,1.57,1.3,2.23,1.57,3.03,2.33,3.5,4.27,4.0,5.43,4.87,4.4,3894136.6,981634.3,4476.3,613311.8,74547.3,12394.5,59976,28092.4,44076.7,37031.5,88863.5,100381.6,30318.8,72940,15602.6,49086.6,25073.2,16444.6,322328.4,106056.9,216271.5,2912502.3,511101,80049.1,199435.2,231616.7,207486.7,109224.6,15354.2,52499.9,30408,187217,63857.1,123359.9,144085.4,25069.8,26459.7,92555.9,205471.2,105449.2,41360.5,58661.5,40072.3,343702.8,65699.5,97466.9,111079.8,22486.4,46970.2,222150.5,84526.8,137623.6,161728.9,226911.2,508123.7,287993,144369.6,75761.1,56609.7,97841.9,70628,18298,12623,1552,3228,1919,4825,52329,7854,3340,3756,3984,3240,4859,9370,2918,2390,2435,8294,3130,100.3,98.18,94.63,99.33,97.82,101.17,102.31,99.13,103.79,97.73,100.19,99.64,100.21
73,2018Q2,178229.626623602,1.1740966666666666,11.360323333333334,0.9846633333333333,0.7627866666666666,27.396876666666667,0.90275,0.7453333333333333,15.438626666666666,2.43,1.73,1.7,0.63,1.23,0.63,0.8,1.6,2.03,2.4,2.23,3.2,2.2,2.97,1.4,1.03,1.87,1.47,2.43,1.87,2.53,3.37,2.7,4.6,4.17,3.63,3928983.1,993799.8,4487.6,617920.2,74482.3,12483.1,59826.1,28602.2,44290.8,37243.5,89528.7,102223.9,30617.4,72783.4,15925.9,49912.9,25248.4,16517.3,329626.2,110702.1,218924.1,2935183.3,511316.1,80922.2,198118.9,232275.1,203607.1,104510,15463.6,52592.6,31040.9,190352,63089.5,127262.5,143780.3,24652.3,25805.9,93322.1,204087.4,104861.7,41108.2,58117.5,39565.9,347406,65628.5,99627.4,112585.9,22888.8,46675.4,239325.3,98839.1,140486.2,162149.5,227913,509119.7,289029,143373.8,76716.9,57251.1,99309.9,74172,19769,14111,1581,3330,2187,4996,54403,9460,3110,4134,5477,4602,5183,9400,2720,1982,2209,8431,2297,101.41,98.63,99.22,99.6,98.3,100.72,104.79,99.99,106.75,97.73,99.62,99.95,101.06
74,2018Q3,177929.2235387,1.1437566666666668,10.991526666666665,0.9836966666666666,0.75228,24.924149999999997,0.88241,0.7189933333333333,14.4502,2.27,1.7,1.57,0.53,1.2,0.6,0.93,1.67,2.07,2.4,2.0,3.07,2.0,3.07,1.43,0.8,1.9,0.83,2.37,1.83,2.53,3.37,2.37,4.2,4.1,3.5,3960326.1,1003467.9,4470.7,622524.4,75672.8,12490.2,59829.7,28724.7,44289.8,37491.2,91096.8,104282.8,30330.7,73325.7,15715.4,49274.5,25462.9,16620.8,334389.1,110462.6,223926.5,2956858.2,511456.4,81555.4,197168.9,232732.2,204654.4,104900.1,15440.8,53217.1,31096.4,193762.1,62580.5,131181.5,143411.4,24755.6,26174.8,92481,204157.4,105486.2,40674.1,57997.1,39548.6,353374.2,66775.1,100725.8,113772.8,23928.6,48171.9,244073.3,100485.7,143587.6,162559.6,227806.6,514120,292045.7,144433.3,77641,56950.1,100984.1,73077,18817,13279,1556,2916,2184,4708,54260,9132,3803,4586,4812,3951,5226,9967,2532,2211,1782,7980,2231,102.28,98.71,93.78,99.86,97.68,101.48,103.78,100.21,106.32,98.18,99.74,99.85,100.97
75,2018Q4,178519.582806216,1.1360933333333334,11.010653333333332,0.9956066666666666,0.7540366666666666,26.11234333333333,0.8825433333333333,0.7147633333333333,14.395850000000001,2.3,1.83,1.6,0.9,1.27,0.73,1.03,1.57,2.1,2.57,1.97,3.13,1.93,3.2,1.6,0.8,1.93,1.47,2.47,1.97,3.0,3.53,3.03,4.0,4.1,3.53,3953050.9,992227.5,4397.6,622018.7,75359.5,12643.7,58968.7,28801.2,44061.2,37429.3,90791,105269.4,30178.1,73416.6,15718.8,49381.1,25103.4,16674.7,324033.1,105199.6,218833.6,2960823.3,512298.1,81932.6,197066.7,233298.8,207829.6,108823.1,15298.6,53095.3,30612.6,189767.2,62655,127112.3,145969.2,24111.1,26082.1,95776,203160.6,104738.5,40684.8,57737.3,39447.4,354300.3,68194.8,100559.1,113778.3,24015.2,47752.9,235870.1,90116.6,145753.5,163253,230724.3,519250.9,296529.1,144442,78279.8,57220.5,101732.2,75914,20405,14063,1925,2926,2119,5573,55509,8795,3633,3805,5483,4416,5156,10036,1880,2455,2222,8968,3076,101.67,98.53,99.18,100.28,99.21,101.4,103.6,100.59,103.21,98.36,98.96,100.09,100.92
76,2019Q1,178429.161000533,1.1325466666666666,10.867859999999999,0.9971166666666668,0.7504633333333333,26.503823333333333,0.9052033333333332,0.7103333333333333,14.783843333333332,2.33,2.0,1.83,1.27,1.27,0.83,0.97,1.57,2.17,2.77,2.07,3.3,2.03,3.3,1.63,1.2,2.0,1.27,2.63,2.1,3.2,3.73,3.43,4.03,4.23,3.53,3965961.2,997040.6,4413.4,623298.7,76311.7,12475.7,58187.7,28678.8,44051.8,36910.3,91905.9,105576.1,30149,73448.6,15854.1,49748.9,25273.2,17681.9,326373.4,105109.5,221263.9,2968920.6,509404.1,80915.6,198860.5,229628,210019.4,110273.9,15495.3,53246.3,31003.9,191713.2,62826.3,128886.9,147952.3,24416.4,27338.1,96197.8,203147,104545.6,40629.1,57972.3,40195.4,358530.6,69987.6,102045.3,113959.2,24540.2,47998.3,233079.3,86459.3,146620,163142.6,229409.6,522611,296881.2,146179.1,79550.6,57479,102237.2,79574,20588,14780,1642,3163,2201,4832,58986,8625,3907,4788,5629,4676,5505,10035,1943,2895,2135,10524,2998,101.42,99.04,95.36,99.93,98.99,101.13,103.45,100.83,103.79,98.36,100.75,99.96,100.84
77,2019Q2,179112.501281837,1.1262800000000002,10.611963333333334,1.00207,0.7490233333333333,25.575940000000003,0.9121533333333334,0.7014133333333333,14.686546666666667,2.03,1.7,1.6,1.0,1.07,0.7,0.73,1.37,1.87,2.27,1.73,2.93,1.83,2.77,1.53,1.07,1.8,1.2,2.37,1.77,2.53,3.2,2.4,3.3,3.93,3.13,3990868.4,1007934.7,4328,625928,76006.6,12490.4,57998.5,28950.7,44156.8,36894.8,92060,107322.7,30040,73836.7,15815.7,50354.9,25372.5,17826.2,334479.9,110140.3,224339.6,2982933.8,511088.7,80868.4,198801.7,231418.6,207224.5,106611.7,15559,53623.7,31430.1,196288.6,63290,132998.6,147601.5,24207,26743.9,96650.6,203071,104378.1,41017,57675.9,39797.5,359694.8,68820.4,102672.6,115008.6,25202.8,47990.4,241288,93937.6,147350.4,162417.5,229144.5,522839,296671.4,146762.8,79404.8,59137.5,103340.5,86800,21260,14494,1978,3000,1907,5824,65541,9658,4800,6578,5634,4569,5586,11371,2947,2853,2216,11293,2605,101.93,98.95,101.74,100.11,100.27,100.92,106.09,101.75,106.68,98.36,100.33,100.25,101.72
78,2019Q3,179450.73433809,1.0959333333333332,10.276846666666666,0.9855766666666667,0.7463433333333334,24.825676666666666,0.9188299999999999,0.6754000000000001,14.03919,2.0,1.63,1.47,0.9,1.0,0.6,0.7,1.23,1.87,2.27,1.73,2.77,1.73,2.6,1.5,1.0,1.7,0.73,2.33,1.77,2.47,3.27,2.13,3.2,3.8,3.3,4018043.4,1014260.5,4444,628260.7,77710.1,12629.9,57728.8,28994.7,43719.8,36729,92316.9,108668.9,30298.7,73495.8,16199.2,49768.8,25740.7,17784.3,338030.8,112535.1,225495.7,3003782.8,512248.8,81439.9,202149.8,228659.2,207754.4,106618.2,15764.5,53614.1,31757.6,196934.2,62858.9,134075.3,152511,24331.1,26491.5,101688.4,204423.6,104847.2,41635.2,57941.3,40603.6,362192.9,68570.6,102728.4,115812.6,25580.3,49501.1,248479.2,100850.7,147628.5,164505.9,230507,523302.7,297160.3,146424.3,79718.1,59622.5,100696.8,82389,19333,13250,1622,2524,1638,5172,63056,10086,4500,6286,5853,5029,5657,11184,2377,2605,1383,10274,2851,102.15,99.9,95.85,100.2,100.16,100.95,103.98,100.15,105.34,98.96,100.43,100.73,101.23
79,2019Q4,180356.803175254,1.0962433333333335,10.299876666666668,0.9900733333333335,0.7499066666666666,24.036233333333332,0.9108366666666666,0.6765599999999999,14.055326666666668,2.13,1.8,1.6,1.13,1.1,0.73,0.9,1.33,1.9,2.57,1.93,2.9,1.83,2.87,1.63,1.07,1.83,1.4,2.5,1.93,2.97,3.4,2.93,3.5,3.8,3.77,4010278.4,1004377.1,4373.4,623733.2,76650,12753.8,57432.4,29261.4,44256.1,36810.3,93184.9,105971.1,28943.2,72868,16355.2,49247,25733.3,17831.4,332705.7,105389.1,227316.6,3005901.3,512913.1,81100.5,199905.3,231907.3,211328.2,110210.8,15734.6,53695.4,31687.3,199010.6,63038.1,135972.5,153145.5,23778.5,26454.9,102912.1,203810.1,103812.1,41292,58706,42267.9,363139.4,70472.8,102241.9,114847.8,25888.9,49687.9,234047.9,87695.3,146352.6,165343.5,236417,526068.5,300022.5,146474.7,79571.2,57244.2,101165.5,81838,18305,12883,1501,2371,1774,4429,63533,9343,5531,5068,5985,5122,5355,11228,2351,2852,1871,11588,2359,100.6,99.28,101.37,100.37,100.12,100.82,102.67,100.25,102.82,99.25,99.48,100.99,100.85
80,2020Q1,177076.658717997,1.0668133333333334,10.008356666666666,0.9677533333333334,0.7214066666666668,21.87138,0.8884566666666666,0.6375366666666668,13.871783333333333,2.5,2.13,1.87,1.33,1.27,0.9,1.13,1.67,2.1,2.93,2.4,3.4,2.13,3.33,1.93,1.27,2.2,1.53,2.83,2.3,3.63,4.0,3.57,4.17,4.1,4.0,3997236.1,1002936.9,4420.3,623517.5,77033.7,12676.9,56700.1,29338.3,44381.2,36427.4,92742.1,105552.9,28525.6,73231.8,16186.8,50720.7,26002.7,17618.6,331377.8,106087.3,225290.5,2994299.2,509522.7,81292.7,200871.7,227358.3,210790.4,108387.6,15973.6,53856.3,32573,186824.1,61426.8,125397.4,154972.4,24331.7,25459.1,105181.6,203118.5,104083.6,39972.8,59062.1,42843,365742.4,70191.6,103752.2,115420.4,25850.3,50528,227592.5,81292.7,146299.8,165137.8,240561.5,529118.7,299679.1,148222.8,81216.8,58631.7,99443.5,69930,15669,10402,933,1862,1458,4333,54261,7188,4299,2652,5662,4811,4599,9693,2163,2410,1899,11074,2622,100.54,99.95,97.29,100.27,99.81,100.29,102.69,100.9,102.14,99.25,101.54,100.18,100.71
81,2020Q2,164710.447798781,1.0609666666666666,9.957376666666667,0.9642499999999999,0.6956333333333333,17.954716666666666,0.8969833333333334,0.6332433333333333,13.601623333333334,3.17,2.63,2.37,1.73,1.6,1.4,1.63,2.3,2.6,3.37,2.93,4.03,2.77,3.63,2.3,1.23,2.73,3.03,3.47,2.67,3.97,4.83,4.27,4.8,5.03,4.47,3987116.7,1003448.8,4416.2,619201,77005.8,12441.4,56005,28878.9,44638.2,36356.8,91784,105381.3,28253.5,72660.9,15141.3,50653.8,26299.2,17469.4,336063,109689.4,226373.6,2983667.9,509914.9,80604.9,198862.7,230447.3,207011.5,104585.1,15743.5,53446.2,33236.8,175719.4,56629.5,119089.9,153935.1,24067.6,25054.8,104812.8,203800.9,104074.7,40665.1,59061.2,43908.2,365443,69972.9,104062.2,114655.9,26173.4,50578.6,227391.9,81054.1,146337.8,165609.3,239224.7,534487.4,304031.3,149141.7,81314.4,57468.3,99753.3,61454,13834,8637,866,1781,1075,4477,47620,6245,2535,2935,4722,3902,3914,10000,1652,2415,1818,9151,2233,102.5,100.09,101.13,99.87,98.86,100.17,100.0,100.82,101.88,99.25,100.28,100.29,100.47
82,2020Q3,176627.492129306,1.0752366666666666,10.376456666666668,0.9196866666666667,0.6904433333333334,17.106566666666666,0.8667433333333333,0.6577000000000001,13.297133333333333,3.2,2.6,2.4,1.3,1.53,1.3,1.43,2.23,2.67,3.43,3.07,4.1,2.67,3.7,2.23,1.07,2.67,1.4,3.57,2.57,3.5,4.63,3.33,5.13,5.17,5.03,4024053.7,1003880.3,4452.7,616781.7,77036,12296.5,56255,28220.4,44767.3,36398.7,90271.4,104027.2,27755.2,72552.4,15831.9,51369.9,26689.5,17359.2,338597.2,110876.5,227720.7,3020173.4,513407.3,81050.1,200282.1,232075.1,206505,104588.1,15738.3,53349,32829.6,179476.4,58549.6,120926.8,155718.2,24131,25127.6,106459.6,207712.7,105638.8,41502.7,60571.2,45059,368134.6,70168.1,106064.1,116097.4,26711.3,49093.7,238460.7,92479.6,145981.1,167625.7,238340,540295.4,309114,150350.2,80831.2,57715.1,101723.2,68013,16335,9845,1038,2554,1103,5781,51678,7783,2953,3338,4559,3920,3977,9771,1976,2667,1536,10683,2435,102.6,100.58,95.94,99.84,99.58,100.07,99.65,100.39,102.36,99.75,100.72,100.22,100.36
83,2020Q4,177650.578673171,1.0778433333333333,10.496726666666667,0.90417,0.6936233333333334,16.73059333333333,0.8655833333333334,0.6606500000000001,13.650926666666665,3.33,2.8,2.43,1.53,1.57,1.37,1.67,2.37,2.8,3.57,3.17,4.17,2.7,3.83,2.17,0.9,2.7,2.0,3.63,2.63,3.7,4.67,3.97,5.1,5.3,5.4,4011620,991849.2,4300.6,613654.6,77458.7,12167.4,56233.4,28175.3,44855.5,36240.6,88537.4,104432.4,27220.6,72084.9,15771.2,50477,26739.5,17256.8,329897.8,105002.8,224895,3019770.7,516155.2,80538,198582.2,237035,212391,111524.2,14870.8,53308.2,32687.8,173608.6,58521.2,115087.4,157578.6,24331.5,25057.1,108189.9,208653.6,105227.7,41668.5,61757.5,44127,369621.1,69333.8,107805.5,116142.8,26976.3,49362.7,220817.4,80004.8,140812.6,168898.9,242445.8,544835.6,312538.3,150073.6,82223.7,57336.7,103301.3,66650,14901,9936,1189,1709,1288,4132,51749,7692,3916,1170,4638,3991,4151,11036,1898,2639,1561,11214,1835,100.85,100.36,101.13,99.83,99.77,100.13,99.53,99.98,100.84,100.0,100.11,100.22,100.15
84,2021Q1,179078.732931708,1.0903633333333334,10.77822,0.9044433333333334,0.7142266666666668,16.549363333333332,0.85378,0.6990333333333333,13.960120000000002,3.53,2.93,2.63,1.67,1.63,1.37,1.83,2.5,2.9,3.73,3.43,4.43,2.87,4.03,2.27,0.97,2.87,2.0,3.97,2.93,4.03,4.83,4.4,5.2,5.53,5.6,3986544.4,984678.3,4465.2,609095.8,75684.3,11976.6,55472.1,28273.4,44890.2,36305.6,88260.1,103577.9,26955,71245.8,15658.1,50796.6,26844,17188.5,327085,104866.1,222218.9,3001866,507528.3,79594.9,198035.7,229897.7,208568.1,108671.2,14554.8,52815.2,32526.8,167653.8,56101.3,111552.5,157188.4,23745.2,24874.9,108568.3,209321.9,105347.3,41810.2,62164.3,44354.6,369832,69004.3,107223.4,115641.9,28008.8,49953.7,219015.1,78608.3,140406.8,170390.1,243758.1,542976.3,311971.1,148628.6,82376.6,57793.5,103485.9,72514,18680,11946,1226,2266,1655,5966,53834,7362,2831,3469,4464,3720,4438,10313,2103,3237,2474,10389,2754,99.77,100.15,96.21,100.5,99.64,99.98,101.81,99.97,100.04,100.0,101.12,100.46,100.28
85,2021Q2,184991.848946394,1.0980100000000002,10.82902,0.9106566666666667,0.7412766666666667,17.20612,0.83251,0.7015399999999999,14.104286666666667,3.03,2.5,2.2,1.2,1.3,1.13,1.4,2.1,2.57,3.07,2.97,4.03,2.6,3.33,2.07,0.87,2.5,1.9,3.57,2.47,3.1,4.17,3.27,4.37,5.1,5.0,4014796.7,991408.3,4246.8,609339.3,76510.4,12049.7,54722.6,28536.4,44315.8,36735.6,87187,104040.9,26914,71511,15321,51495,26908.3,17225.4,333688.4,109794.2,223894.3,3023388.4,504280.2,79594.4,195439.3,229246.6,204442,104401.3,14566.4,53097,32377.2,166431.8,55645.2,110786.6,157808.1,23761.3,25556.7,108490.1,209683.3,105536,41254.7,62892.5,45178.2,374542.9,68886.2,107776.4,116881.9,29823.4,51175,243634.1,101704,141930.1,169776.3,242146.4,542143.4,310418.3,148321.6,83403.5,57324.4,105997.3,87657,21173,14160,1696,2862,2010,6110,66483,10236,3988,5919,5126,4353,5286,13267,2571,3066,2868,11544,2613,100.17,100.31,101.4,101.06,101.24,99.85,103.85,99.65,100.95,100.0,101.74,100.47,100.97
86,2021Q3,189482.459856179,1.0824566666666666,10.616296666666667,0.9181833333333334,0.7291500000000001,17.57941,0.8340433333333334,0.6748433333333334,14.193959999999999,2.6,2.17,1.8,0.8,1.07,0.8,1.07,1.83,2.3,2.73,2.67,3.63,2.37,3.07,1.7,0.6,2.2,0.93,3.2,2.2,2.83,3.83,2.5,4.07,4.83,4.6,4087078.2,1005703.3,4201.5,615870.7,77255.7,11870.1,55816.9,29037.8,43585.5,37315.8,89001.5,105000.9,27578.6,72524,15210.7,51673.1,27186.5,17468.5,340976,111493.5,229482.5,3081374.9,509715.3,80206.9,196014.4,233494.1,209595,108445.5,14633.2,54492.4,32023.9,181287.1,58546.7,122740.4,159819.2,24096.7,25176.3,110546.2,212189.4,106419.2,41188.1,64582.1,46618.2,382282.9,68310.3,111743.5,118430.5,30986.8,52811.8,244662.9,100475.4,144187.5,172015.2,243028.4,552959.9,320255.6,149204.1,83500.2,58962.7,108238.7,98101,23909,16092,1815,3111,2162,6863,74191,10368,3692,6773,6159,5273,6368,14132,3728,2934,2472,13536,4029,100.92,100.68,95.01,101.59,101.1,99.74,105.26,99.56,101.54,100.45,101.9,100.19,101.19
87,2021Q4,190947.587508299,1.0547733333333333,10.419816666666668,0.9221,0.73185,16.524469999999997,0.8111666666666667,0.6721066666666666,14.425153333333334,2.33,2.07,1.63,0.97,1.0,0.8,1.03,1.73,2.07,2.67,2.57,3.33,2.17,2.87,1.5,0.63,2.03,1.4,2.97,2.17,3.03,3.6,2.9,3.8,4.43,4.47,4095749.9,999799.4,4459.3,617213.7,78720.4,11490.9,56060.9,29202.7,44126.5,37417.6,88551.9,104843.8,27119.1,72228,15178.3,52273.7,27013,17647.5,333465.9,105699,227766.9,3095950.5,514268.3,80563.6,195364.8,238339.9,214759.4,113715.7,14343.9,54774.5,31925.3,180973.7,61582.7,119391.1,159689.9,24270.8,25001.5,110417.6,214057.7,106921.1,41490.1,65646.5,46683.5,385316.6,69887.3,113920.2,117359.7,30991.5,53157.9,237183.8,91495.7,145688.1,172637.8,245703.8,555751.9,323210.6,148079.6,84461.7,59257.4,109666.6,103087,23883,16670,1902,3269,2309,6091,79204,11692,3567,5875,6650,5405,6665,15498,3663,3314,2201,16204,3874,99.16,101.11,101.09,102.56,101.73,99.61,107.03,99.66,101.36,100.67,101.6,100.38,101.59
88,2022Q1,193897.46702284,1.0369566666666667,9.897319999999999,0.9236700000000001,0.7292666666666667,17.662193333333335,0.7948866666666667,0.66861,14.550206666666666,2.23,2.0,1.63,1.03,0.97,0.67,1.0,1.5,1.9,2.7,2.63,3.37,2.13,2.8,1.53,0.57,2.0,1.2,2.97,2.27,3.1,3.57,3.07,3.67,4.27,4.07,4107887.6,1004548.4,4517.4,619866.1,77267.3,11175.6,56241.4,29563.3,44467.1,38138.9,88981.3,106630.9,27068.1,71823.3,15362.7,53146.1,26990,17798.4,335376.4,107045.9,228330.5,3103339.2,510701.9,81070.8,197391.3,232239.8,216511.3,113838.5,14078.2,55820.9,32773.7,184528,60889,123639,161815.5,24470.1,25133,112212.3,214472.9,107293.4,41169.8,66009.7,46544.3,385604.5,69596.7,112566.4,119088.2,32090.1,52263.2,234991.3,88207.1,146784.2,170919,246764.9,559478.1,325082.7,149254.1,85141.3,61344.7,109662.8,119551,28075,19146,2418,4120,2818,7694,91475,13124,3968,11869,6877,5959,7393,16786,4036,3081,2434,17844,4063,98.9,101.39,96.73,104.05,103.24,99.45,109.62,99.82,101.98,100.67,104.1,100.39,102.35
89,2022Q2,198101.93773379,1.0275266666666667,9.814536666666667,0.96459,0.75581,19.63256,0.74384,0.6895899999999999,14.594646666666668,1.83,1.63,1.37,0.93,0.77,0.63,0.77,1.33,1.77,2.23,2.23,3.1,1.9,2.43,1.27,0.5,1.67,1.07,2.6,1.93,2.4,3.13,2.1,2.9,3.87,3.73,4142858.8,1010633.1,4491.6,622431.4,77998.3,11438.6,55879,29166.8,45702.5,38277.6,89739.5,107386.1,26848.2,71455.1,15275.8,53263.9,27315.8,18019.1,338375.2,109202,229173.1,3132225.7,510697,81352.4,198751.4,230593.2,213082.5,109761.9,14887.2,56731.7,31701.7,194139.2,62895.6,131243.6,165545.1,24819.5,24703.8,116021.8,215378.5,106350.4,42276.2,66751.9,46639.2,386115.8,70171.4,113324.2,119115.8,32433.6,51070.8,248214.3,97789.4,150425,169851.3,245908,562489,326506.7,149691.2,86291.2,62481,111684.7,127286,30429,20042,2461,4274,2849,8744,96857,15356,4997,8500,8298,7050,8281,17243,3971,3499,2814,18900,4999,101.07,102.0,103.16,105.4,106.24,99.4,115.42,100.03,103.32,100.67,103.01,100.66,103.96
90,2022Q3,199142.960294558,0.97361,9.166123333333333,0.9665466666666666,0.7404100000000001,18.427846666666667,0.6991833333333334,0.6603033333333334,14.107579999999999,1.63,1.47,1.17,0.63,0.73,0.6,0.57,1.23,1.63,2.1,2.03,2.87,1.77,2.37,1.17,0.5,1.53,0.63,2.37,1.8,2.37,3.1,1.87,2.77,3.73,3.63,4186396.7,1023397.3,4450,629045.6,78139.8,11322,56323.7,28477.6,46905.1,38627.9,89665.5,109517.7,27037.7,73621.8,16030.3,53376.7,27954.3,18053.3,343894.1,110674.4,233219.7,3162999.5,510318.2,80324.3,199771.7,230222.2,214734.5,109316.4,14803.7,58100.3,32514.1,196800.6,64271.8,132528.8,170436.1,25018.2,24671.7,120746.2,217193.4,107580.7,41726,67886.8,45307.6,395885.7,71392.1,118617,121462.8,32785,51628.8,253442.9,100825,152617.9,170881,248353.2,568354.3,329438.8,150601.8,88313.7,60822.2,110469.8,123631,29438,19976,2641,4133,2882,8018,94192,15922,5296,7783,7493,6257,7959,17813,4117,3720,2754,17533,3803,103.35,102.41,98.2,106.22,106.58,99.38,116.52,99.97,103.17,100.86,104.64,101.61,104.61
91,2022Q4,199885.653410803,0.9832766666666667,8.990883333333334,0.9645233333333333,0.7102533333333333,18.333399999999997,0.6819533333333334,0.63301,13.551303333333331,1.63,1.5,1.23,0.7,0.7,0.6,0.77,1.27,1.57,2.13,1.97,2.87,1.73,2.43,1.2,0.4,1.53,1.1,2.23,1.8,2.67,3.17,2.33,2.77,3.77,3.53,4197331,1020521.7,4392.9,628763,77411.4,11621.5,55555.2,27690.9,47816.3,37435.5,89945.3,110386.7,26892.5,74519.8,15999,53489,28093.3,18235.4,341037,106550.2,234486.8,3176809.3,511916,78990.1,201598.8,231327.1,221855.9,115451,14681.2,58563.5,33160.2,198303,64357.9,133945.1,170372.2,25285.7,24492.9,120593.6,219331.8,108832.6,41843.8,68655.4,44875,397691,71450.4,120855.3,121507.4,32324,51553.9,243821.6,92534,151287.6,171671,252290.1,572977.4,332450.5,150758.9,89768,61280.1,110424.3,120946,28424,19526,2670,4040,2768,7298,92522,16694,4490,7802,7045,6123,7252,17751,4599,3275,2101,17414,4099,103.33,102.65,103.49,107.0,107.39,99.23,113.58,96.67,103.21,100.95,103.56,102.47,104.57
92,2023Q1,200851.478527305,0.9923700000000001,8.861130000000001,0.9246333333333334,0.6841266666666667,17.815283333333333,0.69894,0.63289,13.51546,1.77,1.57,1.33,0.83,0.8,0.6,0.77,1.5,1.63,2.33,2.07,3.07,1.9,2.6,1.23,0.6,1.57,1.07,2.37,1.97,2.8,3.37,2.57,2.8,3.77,3.57,4211394.3,1021911.5,4393.5,630633.7,77777.6,11529.7,56338.7,26805.4,48622.4,37647.4,90764.3,110575.1,26120.8,74856.4,15977.3,53618.5,28652.9,18367.2,339864.1,105976.9,233887.2,3189482.8,514600.2,80160.1,202741.2,231698.8,224011.4,117239.7,14998.3,59223.8,32549.6,198993.3,63936.7,135056.6,173953,25038,24365.5,124549.4,221225.3,108847.2,42075.7,70302.4,43318.1,398647.6,72601.6,122068.6,120367.7,32554.4,51055.4,244555.1,88394.3,156160.8,171487.9,252948.3,574253.2,332217.6,152480.6,89555,60935.5,110553.9,125581,31744,20913,2426,5575,3106,8932,93837,14107,5065,7863,6689,5646,6665,18378,4832,3624,2402,20323,3889,104.98,103.6,100.09,108.95,107.72,99.08,113.54,96.93,104.77,100.95,107.16,103.21,105.62
93,2023Q2,200179.19781264,0.9787133333333333,8.543616666666665,0.8985,0.6690366666666666,18.151116666666667,0.65503,0.6004766666666667,12.815406666666666,1.63,1.37,1.2,0.7,0.7,0.6,0.6,1.37,1.57,2.0,1.87,2.93,1.73,2.33,1.1,0.47,1.47,0.97,2.17,1.77,2.17,3.07,2.0,2.5,3.6,3.2,4241725.3,1029119.3,4337,635403.7,77853.4,11613.5,56424.6,25901.9,49430.7,37850.5,91485.6,113136.4,25953.7,75589.5,16254.2,53909.6,28348.7,18546.3,342483.5,108054.9,234428.6,3212606,514507.5,80263.9,204655.4,229588.2,219007.1,112565.1,15575.9,59808.2,31057.9,201558.8,67207.4,134351.3,174359.9,24760.2,24226.6,125373.1,222529.1,109278.7,43136.2,70114.2,44156.5,399459,71203.8,120609,121267.2,32989.6,53389.3,264547.8,102656.5,161891.3,172279.3,250138.1,577967.2,333934.6,153032,91000.6,60887.9,111207.9,123682,31843,22058,2496,4975,3187,8032,91839,14906,5009,7118,5985,5169,6726,16351,4984,3828,2547,20750,3635,106.42,103.62,105.41,108.8,109.14,99.05,114.23,96.98,107.37,100.95,106.28,103.6,106.19
94,2023Q3,201058.008324213,0.96138,8.171503333333332,0.8835999999999999,0.6587166666666667,18.09035,0.6114466666666667,0.57824,12.190226666666666,1.73,1.3,1.1,0.67,0.77,0.53,0.6,1.2,1.7,2.0,1.87,3.0,1.73,2.5,1.07,0.57,1.5,0.63,2.1,1.77,2.13,3.27,1.97,2.57,3.73,3.23,4262266.8,1033644.6,4305.1,637083.3,77842.1,11372.9,55767.5,24844.5,49685.4,37757.1,92084.2,114017.3,26508.9,76438.7,16167.9,54596.7,28803.1,18589.5,344863.5,108142.3,236721.2,3228622.2,515838.5,79963.8,204829.7,231045,219910.1,112373.3,16164.5,60759,30613.3,204542.3,65665.6,138876.7,174256.9,25116.3,24241.1,124899.5,225761.3,109866.6,44480.7,71414.1,45548.9,399594.1,71412.4,122582.5,121028.1,32242.4,52328.8,259711.2,95307.3,164403.9,174262.4,253180.8,585086.2,335992,154376,94718.2,61012.3,109917.3,112828,27532,18471,2782,3763,3026,7421,85296,14673,5104,6574,5793,5003,6237,15953,3841,3532,2251,17466,3872,107.9,103.63,100.6,109.33,108.41,99.04,113.32,97.21,106.28,102.15,107.63,104.12,106.29
95,2023Q4,201889.929530342,0.95419,8.322420000000001,0.8872266666666667,0.6513633333333334,17.896853333333336,0.60003,0.57729,12.277523333333335,1.9,1.53,1.3,0.93,0.83,0.63,0.73,1.13,1.83,2.17,2.03,3.3,1.9,2.63,1.23,0.5,1.6,1.13,2.27,1.93,2.63,3.43,2.63,2.87,4.03,3.6,4274566.6,1025954.3,4230.1,634945.4,77955.1,11352.6,54082.5,24010.1,51159.5,37120.7,91883.4,113037.9,26999.4,75866.9,16114.5,55362.8,29370.5,18563,338845.4,104016.2,234829.2,3248612.3,517590.7,79980.2,203229.3,234381.2,225521.8,117011.6,16087.5,60816.2,31606.6,201825.7,67513.8,134311.9,174933.8,25608.5,24149.9,125175.4,224621.2,109511.1,43166.4,71943.7,44381.9,403601,72789.2,126148.6,121615.1,32271.3,50776.7,258108.1,93999.7,164108.4,174943.2,259691,594537,340393,155677,98467.1,59208.9,109647.9,109205,26201,16562,1932,3731,2541,8006,83004,13763,4602,5300,5214,4293,6341,15326,3359,3567,2468,18982,4083,106.71,103.82,105.18,110.2,107.77,98.95,112.66,97.43,105.6,102.75,106.39,104.28,106.26
96,2024Q1,204951.354041448,0.94924,8.414946666666667,0.8744999999999999,0.6484866666666668,17.662263333333332,0.5888633333333333,0.5748133333333333,12.163453333333331,2.1,1.77,1.5,1.13,0.97,0.8,0.8,1.4,2.07,2.47,2.27,3.83,2.2,2.83,1.43,0.67,1.8,1.03,2.6,2.23,2.93,3.77,2.93,3.27,4.3,3.9,4278492.2,1026399.9,4238.1,636957.6,78194,11208.3,54432.6,23527.5,53114.2,36831.7,90875.5,114114.2,26796.4,75685.6,16416.8,55760.8,29658,18575.8,336970.4,102893.9,234076.5,3252092.3,516523.3,80434.3,204114.5,231974.6,226017.7,117273.4,16238.5,61011.5,31494.2,203536.8,67287,136249.8,175636.3,25428.7,23899.2,126308.4,226416.5,109863.5,43368.8,73184.1,47779.2,399270.5,72044.9,122667.3,121293.8,32010.9,51253.6,256846.4,96803,160043.4,175564.4,258773.2,596896.5,343419.4,155550.2,97926.9,59164,109667.3,112225,25539,15930,1971,2875,2717,7941,86686,13181,4547,5909,6448,5490,5867,14909,4276,4032,3256,19788,4472,105.93,104.49,100.22,112.12,106.7,98.68,112.84,97.6,106.65,102.75,109.54,104.49,106.85
97,2024Q2,206571.017428438,0.97356,8.468733333333335,0.90426,0.6608999999999999,17.35578,0.5803133333333333,0.5961666666666666,12.484783333333333,2.07,1.63,1.5,0.9,0.9,0.7,0.83,1.27,2.03,2.23,2.2,3.67,2.2,2.5,1.3,0.63,1.7,1.03,2.53,2.1,2.4,3.63,2.47,3.3,4.17,3.93,4301458.7,1034129,4362.3,639000.2,80027.4,11558.5,54239.4,23528.2,53268.8,36853.2,90382.6,114791.1,26394.1,76007.8,16692.3,55256.9,30348.2,18734.5,341683.7,104458.1,237225.6,3267329.7,515015.8,80467.1,202478,232070.6,225624.9,116177,17491,61660.2,30296.7,202226.7,66166.5,136060.2,175579.1,24948.8,23949.5,126680.7,226783.4,110626.6,43719.4,72437.4,48506.5,401655.3,72058.6,124014.6,122532,31934.7,51115.4,265597.6,101086,164511.6,175782.8,257142.4,602860.1,348022.6,155581,99256.5,61284.9,109270.3,103667,23358,14806,2001,2349,2129,7011,80309,10809,4220,6606,5455,4711,5886,15359,3136,3432,2760,19261,3386,106.74,104.64,103.98,112.78,107.73,98.53,114.78,97.48,110.11,102.75,108.41,104.75,107.63
